/*
 Navicat Premium Data Transfer

 Source Server         : 111
 Source Server Type    : MySQL
 Source Server Version : 80043 (8.0.43)
 Source Host           : localhost:3306
 Source Schema         : partyapp

 Target Server Type    : MySQL
 Target Server Version : 80043 (8.0.43)
 File Encoding         : 65001

 Date: 13/04/2026 18:27:08
*/

SET NAMES utf8mb4;
SET FOREIGN_KEY_CHECKS = 0;

-- ----------------------------
-- Table structure for activities
-- ----------------------------
DROP TABLE IF EXISTS `activities`;
CREATE TABLE `activities`  (
  `id` varchar(36) CHARACTER SET utf8mb4 COLLATE utf8mb4_0900_ai_ci NOT NULL COMMENT '活动ID',
  `title` varchar(200) CHARACTER SET utf8mb4 COLLATE utf8mb4_0900_ai_ci NOT NULL COMMENT '活动标题',
  `content` text CHARACTER SET utf8mb4 COLLATE utf8mb4_0900_ai_ci NOT NULL COMMENT '活动内容',
  `start_time` datetime NOT NULL COMMENT '开始时间',
  `end_time` datetime NOT NULL COMMENT '结束时间',
  `location` varchar(200) CHARACTER SET utf8mb4 COLLATE utf8mb4_0900_ai_ci NOT NULL COMMENT '活动地点',
  `organizer` varchar(100) CHARACTER SET utf8mb4 COLLATE utf8mb4_0900_ai_ci NOT NULL COMMENT '组织者',
  `image_url` varchar(500) CHARACTER SET utf8mb4 COLLATE utf8mb4_0900_ai_ci NULL DEFAULT NULL COMMENT '活动图片URL',
  `status` enum('upcoming','ongoing','completed') CHARACTER SET utf8mb4 COLLATE utf8mb4_0900_ai_ci NOT NULL DEFAULT 'upcoming' COMMENT '活动状态',
  `participant_count` int NULL DEFAULT 0 COMMENT '已报名人数',
  `max_participants` int NOT NULL COMMENT '最大报名人数',
  `summary` text CHARACTER SET utf8mb4 COLLATE utf8mb4_0900_ai_ci NULL COMMENT '活动总结',
  `summary_image_url` varchar(500) CHARACTER SET utf8mb4 COLLATE utf8mb4_0900_ai_ci NULL DEFAULT NULL COMMENT '活动总结图片URL',
  `created_by` varchar(36) CHARACTER SET utf8mb4 COLLATE utf8mb4_0900_ai_ci NULL DEFAULT NULL COMMENT '创建人ID',
  `created_at` timestamp NULL DEFAULT CURRENT_TIMESTAMP COMMENT '创建时间',
  `updated_at` timestamp NULL DEFAULT CURRENT_TIMESTAMP ON UPDATE CURRENT_TIMESTAMP COMMENT '更新时间',
  PRIMARY KEY (`id`) USING BTREE,
  INDEX `idx_status`(`status` ASC) USING BTREE,
  INDEX `idx_start_time`(`start_time` ASC) USING BTREE,
  INDEX `idx_created_by`(`created_by` ASC) USING BTREE,
  CONSTRAINT `activities_ibfk_1` FOREIGN KEY (`created_by`) REFERENCES `users` (`id`) ON DELETE SET NULL ON UPDATE RESTRICT
) ENGINE = InnoDB CHARACTER SET = utf8mb4 COLLATE = utf8mb4_0900_ai_ci COMMENT = '活动表' ROW_FORMAT = Dynamic;

-- ----------------------------
-- Records of activities
-- ----------------------------
INSERT INTO `activities` VALUES ('065105a42a2d3e7482e13f13f8273641', '55556', '44', '2026-03-22 09:00:00', '2026-03-29 18:00:00', '4', '4', '4', 'completed', 1, 50, NULL, NULL, '2', '2026-03-19 20:41:26', '2026-03-19 20:41:26');
INSERT INTO `activities` VALUES ('0753ebe36691ea0a708eccf623b03b8d', 'hhh', 'hh', '2026-03-19 22:18:00', '2026-03-20 18:00:00', 'hh', 'hh', 'h', 'completed', 1, 50, NULL, NULL, '2', '2026-03-19 20:07:53', '2026-03-19 20:07:53');
INSERT INTO `activities` VALUES ('35efc0f7c436d4d7dab9151fe6ce7860', '66666', '4', '2026-03-20 09:00:00', '2026-03-21 18:00:00', '44699', '4', '5', 'completed', 1, 50, NULL, NULL, '2', '2026-03-19 19:26:18', '2026-03-19 19:26:18');
INSERT INTO `activities` VALUES ('act1', '党员学习会议', '开展党员学习教育活动，学习最新政策精神', '2026-03-16 09:00:00', '2026-03-31 11:00:00', '党委会议室', '党委办公室', 'https://trae-api-cn.mchost.guru/api/ide/v1/text_to_image?prompt=party%20meeting%20room&image_size=landscape_16_9', 'completed', 2, 50, '666', NULL, '1', '2026-03-18 20:04:03', '2026-03-28 19:48:29');
INSERT INTO `activities` VALUES ('act2', '志愿服务活动', '组织党员开展社区志愿服务活动', '2026-03-15 14:00:00', '2026-03-15 17:00:00', '阳光社区', '第一党支部', 'https://trae-api-cn.mchost.guru/api/ide/v1/text_to_image?prompt=volunteer%20activity&image_size=landscape_16_9', 'completed', 4, 30, '活动圆满完成，党员们积极参与，获得社区居民好评', 'https://trae-api-cn.mchost.guru/api/ide/v1/text_to_image?prompt=volunteer%20activity%20summary&image_size=landscape_16_9', '2', '2026-03-18 20:04:03', '2026-03-18 20:04:03');
INSERT INTO `activities` VALUES ('act3', '支部组织生活会', '召开支部组织生活会，开展批评与自我批评', '2026-03-17 19:00:00', '2026-03-25 21:00:00', '支部会议室', '第二党支部', 'https://trae-api-cn.mchost.guru/api/ide/v1/text_to_image?prompt=party%20organization%20meeting&image_size=landscape_16_9', 'completed', 2, 20, NULL, NULL, '3', '2026-03-18 20:04:03', '2026-03-28 19:48:29');
INSERT INTO `activities` VALUES ('b3edefff315b3fcfe5c1ca0fb2241bdf', '7777', '77777', '2026-03-20 09:00:00', '2026-03-26 18:00:00', '666', '666', 'gg', 'completed', 1, 50, NULL, NULL, '2', '2026-03-19 19:32:19', '2026-03-28 19:48:29');
INSERT INTO `activities` VALUES ('e21beb96a9ef3403283c79d7b5bb299c', '8888', '888', '2026-04-02 09:00:00', '2026-04-02 18:00:00', '888', '888', '8', 'completed', 0, 50, NULL, NULL, '2', '2026-04-01 15:49:34', '2026-04-01 15:49:34');

-- ----------------------------
-- Table structure for activity_registrations
-- ----------------------------
DROP TABLE IF EXISTS `activity_registrations`;
CREATE TABLE `activity_registrations`  (
  `id` varchar(36) CHARACTER SET utf8mb4 COLLATE utf8mb4_0900_ai_ci NOT NULL COMMENT '报名ID',
  `user_id` varchar(36) CHARACTER SET utf8mb4 COLLATE utf8mb4_0900_ai_ci NOT NULL COMMENT '用户ID',
  `activity_id` varchar(36) CHARACTER SET utf8mb4 COLLATE utf8mb4_0900_ai_ci NOT NULL COMMENT '活动ID',
  `is_checked_in` tinyint(1) NULL DEFAULT 0 COMMENT '是否已签到',
  `check_in_time` timestamp NULL DEFAULT NULL COMMENT '签到时间',
  `registered_at` timestamp NULL DEFAULT CURRENT_TIMESTAMP COMMENT '报名时间',
  PRIMARY KEY (`id`) USING BTREE,
  UNIQUE INDEX `uk_user_activity`(`user_id` ASC, `activity_id` ASC) USING BTREE,
  INDEX `idx_user_id`(`user_id` ASC) USING BTREE,
  INDEX `idx_activity_id`(`activity_id` ASC) USING BTREE,
  CONSTRAINT `activity_registrations_ibfk_1` FOREIGN KEY (`user_id`) REFERENCES `users` (`id`) ON DELETE CASCADE ON UPDATE RESTRICT,
  CONSTRAINT `activity_registrations_ibfk_2` FOREIGN KEY (`activity_id`) REFERENCES `activities` (`id`) ON DELETE CASCADE ON UPDATE RESTRICT
) ENGINE = InnoDB CHARACTER SET = utf8mb4 COLLATE = utf8mb4_0900_ai_ci COMMENT = '活动报名记录表' ROW_FORMAT = Dynamic;

-- ----------------------------
-- Records of activity_registrations
-- ----------------------------
INSERT INTO `activity_registrations` VALUES ('0fd3e0bc63254dc1dc88c54773ad579f', '4', '0753ebe36691ea0a708eccf623b03b8d', 1, '2026-03-20 17:33:08', '2026-03-19 20:09:41');
INSERT INTO `activity_registrations` VALUES ('182b71e554020a1b37c4a2fbb26d106c', '4', '35efc0f7c436d4d7dab9151fe6ce7860', 1, '2026-03-20 17:33:01', '2026-03-19 20:15:18');
INSERT INTO `activity_registrations` VALUES ('59c7f7a2e980d7acb2a00e5d388d30d6', '4', 'b3edefff315b3fcfe5c1ca0fb2241bdf', 1, '2026-03-20 17:33:04', '2026-03-19 19:42:27');
INSERT INTO `activity_registrations` VALUES ('6ed25d059dc07426498f74c389eb0d3c', '4', '065105a42a2d3e7482e13f13f8273641', 1, '2026-03-23 14:22:00', '2026-03-19 20:41:42');
INSERT INTO `activity_registrations` VALUES ('ar1', '4', 'act2', 1, '2026-03-15 14:05:00', '2026-03-10 09:00:00');
INSERT INTO `activity_registrations` VALUES ('ar2', '5', 'act2', 1, '2026-03-15 14:06:00', '2026-03-10 09:30:00');
INSERT INTO `activity_registrations` VALUES ('ar3', '6', 'act2', 1, '2026-03-15 14:07:00', '2026-03-10 10:00:00');
INSERT INTO `activity_registrations` VALUES ('ar4', '7', 'act2', 1, '2026-03-15 14:08:00', '2026-03-10 10:30:00');
INSERT INTO `activity_registrations` VALUES ('ar5', '4', 'act1', 1, '2026-03-19 18:41:39', '2026-03-15 09:00:00');
INSERT INTO `activity_registrations` VALUES ('ar6', '5', 'act1', 0, NULL, '2026-03-15 09:30:00');
INSERT INTO `activity_registrations` VALUES ('ar7', '6', 'act3', 0, NULL, '2026-03-20 10:00:00');
INSERT INTO `activity_registrations` VALUES ('ar8', '7', 'act3', 0, NULL, '2026-03-20 10:30:00');

-- ----------------------------
-- Table structure for branch_application_messages
-- ----------------------------
DROP TABLE IF EXISTS `branch_application_messages`;
CREATE TABLE `branch_application_messages`  (
  `id` varchar(36) CHARACTER SET utf8mb4 COLLATE utf8mb4_0900_ai_ci NOT NULL COMMENT '消息ID',
  `application_id` varchar(36) CHARACTER SET utf8mb4 COLLATE utf8mb4_0900_ai_ci NULL DEFAULT NULL,
  `user_id` varchar(36) CHARACTER SET utf8mb4 COLLATE utf8mb4_0900_ai_ci NOT NULL COMMENT '接收用户ID',
  `type` enum('apply','approve','reject','kick') CHARACTER SET utf8mb4 COLLATE utf8mb4_0900_ai_ci NOT NULL,
  `content` text CHARACTER SET utf8mb4 COLLATE utf8mb4_0900_ai_ci NOT NULL COMMENT '消息内容',
  `is_read` tinyint(1) NULL DEFAULT 0 COMMENT '是否已读',
  `created_at` timestamp NULL DEFAULT CURRENT_TIMESTAMP COMMENT '创建时间',
  PRIMARY KEY (`id`) USING BTREE,
  INDEX `idx_application_id`(`application_id` ASC) USING BTREE,
  INDEX `idx_user_id`(`user_id` ASC) USING BTREE,
  INDEX `idx_is_read`(`is_read` ASC) USING BTREE,
  CONSTRAINT `branch_application_messages_ibfk_1` FOREIGN KEY (`application_id`) REFERENCES `branch_applications` (`id`) ON DELETE CASCADE ON UPDATE RESTRICT,
  CONSTRAINT `branch_application_messages_ibfk_2` FOREIGN KEY (`user_id`) REFERENCES `users` (`id`) ON DELETE CASCADE ON UPDATE RESTRICT
) ENGINE = InnoDB CHARACTER SET = utf8mb4 COLLATE = utf8mb4_0900_ai_ci COMMENT = '支部申请消息表' ROW_FORMAT = Dynamic;

-- ----------------------------
-- Records of branch_application_messages
-- ----------------------------
INSERT INTO `branch_application_messages` VALUES ('0817382be8568cfb85ada6412fefbecc', NULL, '5', 'kick', '您已被踢出所在支部', 1, '2026-03-25 21:33:28');
INSERT INTO `branch_application_messages` VALUES ('09992bff700bcf25fceba39118ce6f84', '600da32fe224bff8d5259579cd035c9f', '5', 'approve', '您的申请已通过，已加入 第一党支部', 0, '2026-03-25 21:36:03');
INSERT INTO `branch_application_messages` VALUES ('175cfd9da6f17c9f416b162585c5a996', NULL, '5', 'kick', '您已被踢出所在支部', 1, '2026-03-25 21:13:05');
INSERT INTO `branch_application_messages` VALUES ('18225901191d3d1252c1d270d9bb28f2', 'a9b6c195fa03e261b83db853458d015c', '2', 'apply', '李四 申请加入 第一党支部', 1, '2026-03-25 21:15:49');
INSERT INTO `branch_application_messages` VALUES ('a42db73f71353050160c5bd6e81acc1e', '1528af6cb807b635976c460d7db25847', '5', 'approve', '您的申请已通过，已加入 第一党支部', 1, '2026-03-25 21:27:11');
INSERT INTO `branch_application_messages` VALUES ('b20dc5a0b18e079f937401c55feebb0b', 'a9b6c195fa03e261b83db853458d015c', '5', 'approve', '您的申请已通过，已加入 第一党支部', 1, '2026-03-25 21:27:10');
INSERT INTO `branch_application_messages` VALUES ('bam1', 'ba1', '2', 'apply', '张三申请加入第一党支部', 1, '2026-03-18 20:04:03');
INSERT INTO `branch_application_messages` VALUES ('bam2', 'ba1', '4', 'approve', '您的支部申请已批准', 1, '2026-03-18 20:04:03');
INSERT INTO `branch_application_messages` VALUES ('bam3', 'ba2', '2', 'apply', '李四申请加入第一党支部', 1, '2026-03-18 20:04:03');
INSERT INTO `branch_application_messages` VALUES ('bam4', 'ba2', '5', 'approve', '您的支部申请已批准', 1, '2026-03-18 20:04:03');
INSERT INTO `branch_application_messages` VALUES ('bam5', 'ba3', '3', 'apply', '王五申请加入第二党支部', 1, '2026-03-18 20:04:03');
INSERT INTO `branch_application_messages` VALUES ('bam6', 'ba3', '6', 'approve', '您的支部申请已批准', 1, '2026-03-18 20:04:03');
INSERT INTO `branch_application_messages` VALUES ('bam7', 'ba4', '3', 'apply', '赵六申请加入第二党支部', 1, '2026-03-18 20:04:03');
INSERT INTO `branch_application_messages` VALUES ('bam8', 'ba4', '7', 'approve', '您的支部申请已批准', 1, '2026-03-18 20:04:03');
INSERT INTO `branch_application_messages` VALUES ('bbcc29078e4f1cb09a3be4be852626f5', NULL, '12', 'kick', '您已被踢出所在支部', 0, '2026-04-01 21:51:40');
INSERT INTO `branch_application_messages` VALUES ('c8ed6a05f24859e0604bcbf44810fc18', '1528af6cb807b635976c460d7db25847', '2', 'apply', '李四 申请加入 第一党支部', 1, '2026-03-25 21:17:32');
INSERT INTO `branch_application_messages` VALUES ('ef77a76102d097ca1791ed043d70cff2', '600da32fe224bff8d5259579cd035c9f', '2', 'apply', '李四 申请加入 第一党支部', 1, '2026-03-25 21:35:03');

-- ----------------------------
-- Table structure for branch_applications
-- ----------------------------
DROP TABLE IF EXISTS `branch_applications`;
CREATE TABLE `branch_applications`  (
  `id` varchar(36) CHARACTER SET utf8mb4 COLLATE utf8mb4_0900_ai_ci NOT NULL COMMENT '申请ID',
  `user_id` varchar(36) CHARACTER SET utf8mb4 COLLATE utf8mb4_0900_ai_ci NOT NULL COMMENT '申请人ID',
  `branch_id` varchar(36) CHARACTER SET utf8mb4 COLLATE utf8mb4_0900_ai_ci NOT NULL COMMENT '申请支部ID',
  `status` enum('pending','approved','rejected') CHARACTER SET utf8mb4 COLLATE utf8mb4_0900_ai_ci NOT NULL DEFAULT 'pending' COMMENT '申请状态',
  `apply_date` timestamp NULL DEFAULT CURRENT_TIMESTAMP COMMENT '申请日期',
  `approve_date` timestamp NULL DEFAULT NULL COMMENT '审批日期',
  `created_at` timestamp NULL DEFAULT CURRENT_TIMESTAMP COMMENT '创建时间',
  `updated_at` timestamp NULL DEFAULT CURRENT_TIMESTAMP ON UPDATE CURRENT_TIMESTAMP COMMENT '更新时间',
  PRIMARY KEY (`id`) USING BTREE,
  INDEX `idx_user_id`(`user_id` ASC) USING BTREE,
  INDEX `idx_branch_id`(`branch_id` ASC) USING BTREE,
  INDEX `idx_status`(`status` ASC) USING BTREE,
  CONSTRAINT `branch_applications_ibfk_1` FOREIGN KEY (`user_id`) REFERENCES `users` (`id`) ON DELETE CASCADE ON UPDATE RESTRICT,
  CONSTRAINT `branch_applications_ibfk_2` FOREIGN KEY (`branch_id`) REFERENCES `branches` (`id`) ON DELETE CASCADE ON UPDATE RESTRICT
) ENGINE = InnoDB CHARACTER SET = utf8mb4 COLLATE = utf8mb4_0900_ai_ci COMMENT = '支部申请表' ROW_FORMAT = Dynamic;

-- ----------------------------
-- Records of branch_applications
-- ----------------------------
INSERT INTO `branch_applications` VALUES ('1528af6cb807b635976c460d7db25847', '5', 'b1', 'approved', '2026-03-25 21:17:32', '2026-03-25 21:27:11', '2026-03-25 21:17:32', '2026-03-25 21:27:11');
INSERT INTO `branch_applications` VALUES ('600da32fe224bff8d5259579cd035c9f', '5', 'b1', 'approved', '2026-03-25 21:35:03', '2026-03-25 21:36:03', '2026-03-25 21:35:03', '2026-03-25 21:36:02');
INSERT INTO `branch_applications` VALUES ('a9b6c195fa03e261b83db853458d015c', '5', 'b1', 'approved', '2026-03-25 21:15:49', '2026-03-25 21:27:10', '2026-03-25 21:15:49', '2026-03-25 21:27:10');
INSERT INTO `branch_applications` VALUES ('ba1', '4', 'b1', 'approved', '2026-01-01 00:00:00', '2026-01-02 00:00:00', '2026-03-18 20:04:03', '2026-03-18 20:04:03');
INSERT INTO `branch_applications` VALUES ('ba2', '5', 'b1', 'approved', '2026-01-03 00:00:00', '2026-01-04 00:00:00', '2026-03-18 20:04:03', '2026-03-18 20:04:03');
INSERT INTO `branch_applications` VALUES ('ba3', '6', 'b2', 'approved', '2026-01-05 00:00:00', '2026-01-06 00:00:00', '2026-03-18 20:04:03', '2026-03-18 20:04:03');
INSERT INTO `branch_applications` VALUES ('ba4', '7', 'b2', 'approved', '2026-01-07 00:00:00', '2026-01-08 00:00:00', '2026-03-18 20:04:03', '2026-03-18 20:04:03');

-- ----------------------------
-- Table structure for branches
-- ----------------------------
DROP TABLE IF EXISTS `branches`;
CREATE TABLE `branches`  (
  `id` varchar(36) CHARACTER SET utf8mb4 COLLATE utf8mb4_0900_ai_ci NOT NULL COMMENT '支部ID',
  `name` varchar(100) CHARACTER SET utf8mb4 COLLATE utf8mb4_0900_ai_ci NOT NULL COMMENT '支部名称',
  `admin_id` varchar(36) CHARACTER SET utf8mb4 COLLATE utf8mb4_0900_ai_ci NOT NULL COMMENT '管理员ID',
  `created_at` timestamp NULL DEFAULT CURRENT_TIMESTAMP COMMENT '创建时间',
  `updated_at` timestamp NULL DEFAULT CURRENT_TIMESTAMP ON UPDATE CURRENT_TIMESTAMP COMMENT '更新时间',
  PRIMARY KEY (`id`) USING BTREE,
  UNIQUE INDEX `name`(`name` ASC) USING BTREE,
  INDEX `idx_name`(`name` ASC) USING BTREE,
  INDEX `idx_admin_id`(`admin_id` ASC) USING BTREE,
  CONSTRAINT `branches_ibfk_1` FOREIGN KEY (`admin_id`) REFERENCES `users` (`id`) ON DELETE CASCADE ON UPDATE RESTRICT
) ENGINE = InnoDB CHARACTER SET = utf8mb4 COLLATE = utf8mb4_0900_ai_ci COMMENT = '支部表' ROW_FORMAT = Dynamic;

-- ----------------------------
-- Records of branches
-- ----------------------------
INSERT INTO `branches` VALUES ('b1', '第一党支部', '2', '2026-03-18 20:04:03', '2026-03-18 20:04:03');
INSERT INTO `branches` VALUES ('b2', '第二党支部', '3', '2026-03-18 20:04:03', '2026-03-18 20:04:03');

-- ----------------------------
-- Table structure for dues_payments
-- ----------------------------
DROP TABLE IF EXISTS `dues_payments`;
CREATE TABLE `dues_payments`  (
  `id` varchar(36) CHARACTER SET utf8mb4 COLLATE utf8mb4_0900_ai_ci NOT NULL COMMENT '缴费ID',
  `user_id` varchar(36) CHARACTER SET utf8mb4 COLLATE utf8mb4_0900_ai_ci NOT NULL COMMENT '用户ID',
  `payment_month` date NOT NULL COMMENT '缴费月份',
  `amount` decimal(10, 2) NOT NULL DEFAULT 0.00 COMMENT '缴费金额',
  `payment_method` enum('online','offline') CHARACTER SET utf8mb4 COLLATE utf8mb4_0900_ai_ci NULL DEFAULT NULL COMMENT '缴费方式',
  `payment_status` enum('pending','paid','overdue') CHARACTER SET utf8mb4 COLLATE utf8mb4_0900_ai_ci NULL DEFAULT 'pending' COMMENT '缴费状态',
  `payment_date` timestamp NULL DEFAULT NULL COMMENT '缴费时间',
  `created_at` timestamp NULL DEFAULT CURRENT_TIMESTAMP COMMENT '创建时间',
  `updated_at` timestamp NULL DEFAULT CURRENT_TIMESTAMP ON UPDATE CURRENT_TIMESTAMP COMMENT '更新时间',
  PRIMARY KEY (`id`) USING BTREE,
  UNIQUE INDEX `uk_user_month`(`user_id` ASC, `payment_month` ASC) USING BTREE,
  INDEX `idx_user_id`(`user_id` ASC) USING BTREE,
  INDEX `idx_payment_month`(`payment_month` ASC) USING BTREE,
  INDEX `idx_payment_status`(`payment_status` ASC) USING BTREE,
  CONSTRAINT `dues_payments_ibfk_1` FOREIGN KEY (`user_id`) REFERENCES `users` (`id`) ON DELETE CASCADE ON UPDATE RESTRICT
) ENGINE = InnoDB CHARACTER SET = utf8mb4 COLLATE = utf8mb4_0900_ai_ci COMMENT = '党费缴纳表' ROW_FORMAT = Dynamic;

-- ----------------------------
-- Records of dues_payments
-- ----------------------------
INSERT INTO `dues_payments` VALUES ('1', '1', '2026-02-22', 0.60, 'online', 'paid', '2026-03-23 14:52:43', '2026-02-22 14:43:57', '2026-03-23 14:52:43');
INSERT INTO `dues_payments` VALUES ('10', '1', '2026-03-03', 0.60, 'online', 'paid', '2026-03-23 14:52:43', '2026-03-03 14:43:57', '2026-03-23 14:52:43');
INSERT INTO `dues_payments` VALUES ('11', '1', '2026-03-04', 0.60, 'online', 'paid', '2026-03-23 14:53:52', '2026-03-04 14:43:57', '2026-03-23 14:53:52');
INSERT INTO `dues_payments` VALUES ('12', '1', '2026-03-05', 0.60, 'online', 'paid', '2026-03-23 15:07:08', '2026-03-05 14:43:57', '2026-03-23 15:07:08');
INSERT INTO `dues_payments` VALUES ('13', '1', '2026-03-06', 0.60, 'online', 'paid', '2026-03-23 15:11:20', '2026-03-06 14:43:57', '2026-03-23 15:11:20');
INSERT INTO `dues_payments` VALUES ('14', '1', '2026-03-07', 0.60, NULL, 'pending', NULL, '2026-03-07 14:43:57', '2026-03-07 14:43:57');
INSERT INTO `dues_payments` VALUES ('15', '1', '2026-03-08', 0.60, NULL, 'pending', NULL, '2026-03-08 14:43:57', '2026-03-08 14:43:57');
INSERT INTO `dues_payments` VALUES ('16', '1', '2026-03-09', 0.60, NULL, 'pending', NULL, '2026-03-09 14:43:57', '2026-03-09 14:43:57');
INSERT INTO `dues_payments` VALUES ('17', '1', '2026-03-10', 0.60, NULL, 'pending', NULL, '2026-03-10 14:43:57', '2026-03-10 14:43:57');
INSERT INTO `dues_payments` VALUES ('18', '1', '2026-03-11', 0.60, NULL, 'pending', NULL, '2026-03-11 14:43:57', '2026-03-11 14:43:57');
INSERT INTO `dues_payments` VALUES ('19', '1', '2026-03-12', 0.60, NULL, 'pending', NULL, '2026-03-12 14:43:57', '2026-03-12 14:43:57');
INSERT INTO `dues_payments` VALUES ('2', '1', '2026-02-23', 0.60, NULL, 'pending', NULL, '2026-02-23 14:43:57', '2026-02-23 14:43:57');
INSERT INTO `dues_payments` VALUES ('20', '1', '2026-03-13', 0.60, NULL, 'pending', NULL, '2026-03-13 14:43:57', '2026-03-13 14:43:57');
INSERT INTO `dues_payments` VALUES ('21', '1', '2026-03-14', 0.60, NULL, 'pending', NULL, '2026-03-14 14:43:57', '2026-03-14 14:43:57');
INSERT INTO `dues_payments` VALUES ('22', '1', '2026-03-15', 0.60, NULL, 'pending', NULL, '2026-03-15 14:43:57', '2026-03-15 14:43:57');
INSERT INTO `dues_payments` VALUES ('23', '1', '2026-03-16', 0.60, NULL, 'pending', NULL, '2026-03-16 14:43:57', '2026-03-16 14:43:57');
INSERT INTO `dues_payments` VALUES ('24', '1', '2026-03-17', 0.60, NULL, 'pending', NULL, '2026-03-17 14:43:57', '2026-03-17 14:43:57');
INSERT INTO `dues_payments` VALUES ('25', '1', '2026-03-18', 0.60, 'online', 'paid', '2026-04-01 18:27:04', '2026-03-18 14:43:57', '2026-04-01 18:27:04');
INSERT INTO `dues_payments` VALUES ('26', '1', '2026-03-19', 0.60, 'online', 'paid', '2026-03-28 19:54:37', '2026-03-19 14:43:57', '2026-03-28 19:54:37');
INSERT INTO `dues_payments` VALUES ('27', '1', '2026-03-20', 0.60, 'online', 'paid', '2026-03-24 11:15:43', '2026-03-20 14:43:57', '2026-03-24 11:15:43');
INSERT INTO `dues_payments` VALUES ('28', '1', '2026-03-21', 0.60, 'online', 'paid', '2026-03-24 11:15:38', '2026-03-21 14:43:57', '2026-03-24 11:15:38');
INSERT INTO `dues_payments` VALUES ('29', '1', '2026-03-22', 0.60, 'online', 'paid', '2026-03-24 11:10:05', '2026-03-22 14:43:57', '2026-03-24 11:10:05');
INSERT INTO `dues_payments` VALUES ('3', '1', '2026-02-24', 0.60, NULL, 'pending', NULL, '2026-02-24 14:43:57', '2026-02-24 14:43:57');
INSERT INTO `dues_payments` VALUES ('30', '1', '2026-03-23', 0.60, 'online', 'paid', '2026-03-24 11:09:52', '2026-03-23 14:43:57', '2026-03-24 11:09:52');
INSERT INTO `dues_payments` VALUES ('31', '1', '2026-02-20', 0.60, 'online', 'paid', '2026-02-21 14:43:57', '2026-02-20 14:43:57', '2026-02-21 14:43:57');
INSERT INTO `dues_payments` VALUES ('32', '1', '2026-02-19', 0.60, 'online', 'paid', '2026-02-20 14:43:57', '2026-02-19 14:43:57', '2026-02-20 14:43:57');
INSERT INTO `dues_payments` VALUES ('33', '1', '2026-02-18', 0.60, 'online', 'paid', '2026-02-19 14:43:57', '2026-02-18 14:43:57', '2026-02-19 14:43:57');
INSERT INTO `dues_payments` VALUES ('4', '1', '2026-02-25', 0.60, NULL, 'pending', NULL, '2026-02-25 14:43:57', '2026-02-25 14:43:57');
INSERT INTO `dues_payments` VALUES ('5', '1', '2026-02-26', 0.60, NULL, 'pending', NULL, '2026-02-26 14:43:57', '2026-02-26 14:43:57');
INSERT INTO `dues_payments` VALUES ('6', '1', '2026-02-27', 0.60, NULL, 'pending', NULL, '2026-02-27 14:43:57', '2026-02-27 14:43:57');
INSERT INTO `dues_payments` VALUES ('7', '1', '2026-02-28', 0.60, NULL, 'pending', NULL, '2026-02-28 14:43:57', '2026-02-28 14:43:57');
INSERT INTO `dues_payments` VALUES ('8', '1', '2026-03-01', 0.60, NULL, 'pending', NULL, '2026-03-01 14:43:57', '2026-03-01 14:43:57');
INSERT INTO `dues_payments` VALUES ('9', '1', '2026-03-02', 0.60, NULL, 'pending', NULL, '2026-03-02 14:43:57', '2026-03-02 14:43:57');

-- ----------------------------
-- Table structure for messages
-- ----------------------------
DROP TABLE IF EXISTS `messages`;
CREATE TABLE `messages`  (
  `id` varchar(36) CHARACTER SET utf8mb4 COLLATE utf8mb4_0900_ai_ci NOT NULL COMMENT '消息ID',
  `sender_id` varchar(36) CHARACTER SET utf8mb4 COLLATE utf8mb4_0900_ai_ci NOT NULL COMMENT '发送者ID',
  `recipient_id` varchar(36) CHARACTER SET utf8mb4 COLLATE utf8mb4_0900_ai_ci NOT NULL COMMENT '接收者ID',
  `content` text CHARACTER SET utf8mb4 COLLATE utf8mb4_0900_ai_ci NOT NULL COMMENT '消息内容',
  `is_read` tinyint(1) NULL DEFAULT 0 COMMENT '是否已读',
  `created_at` timestamp NULL DEFAULT CURRENT_TIMESTAMP COMMENT '发送时间',
  PRIMARY KEY (`id`) USING BTREE,
  INDEX `idx_sender_recipient`(`sender_id` ASC, `recipient_id` ASC) USING BTREE,
  INDEX `idx_recipient`(`recipient_id` ASC) USING BTREE,
  CONSTRAINT `messages_ibfk_1` FOREIGN KEY (`sender_id`) REFERENCES `users` (`id`) ON DELETE CASCADE ON UPDATE RESTRICT,
  CONSTRAINT `messages_ibfk_2` FOREIGN KEY (`recipient_id`) REFERENCES `users` (`id`) ON DELETE CASCADE ON UPDATE RESTRICT
) ENGINE = InnoDB CHARACTER SET = utf8mb4 COLLATE = utf8mb4_0900_ai_ci COMMENT = '消息表' ROW_FORMAT = Dynamic;

-- ----------------------------
-- Records of messages
-- ----------------------------
INSERT INTO `messages` VALUES ('1211f5dac82434f994f3be3b01f6f1db', '2', '8', '😅', 0, '2026-04-01 11:29:18');
INSERT INTO `messages` VALUES ('15ed774f120d0c1ad1a920d5ea0fee1a', '4', '2', 'uuu', 1, '2026-03-22 16:04:36');
INSERT INTO `messages` VALUES ('2c6489f0479972cabd24725c152462ce', '2', '8', '🤗', 1, '2026-04-01 11:26:51');
INSERT INTO `messages` VALUES ('67577f6acc4e462630dc82b5f20d3ced', '4', '2', 'zsr 是', 1, '2026-03-20 20:02:38');
INSERT INTO `messages` VALUES ('6ac6f5975fe3babe1cb78a26fe6795e1', '2', '8', '🤤', 1, '2026-03-30 18:57:48');
INSERT INTO `messages` VALUES ('9391155f8bb0b191a8812377364a8dcd', '2', '4', '😚', 0, '2026-04-12 16:17:59');
INSERT INTO `messages` VALUES ('949d165ca7da96fba9a56909075c564f', '2', '38', '😏', 0, '2026-04-01 22:36:11');
INSERT INTO `messages` VALUES ('96e0b4ad17a118e5b0506e1de03912b6', '2', '5', '🤭', 0, '2026-03-19 18:39:48');
INSERT INTO `messages` VALUES ('9b83da58572e738cf8f78a8f3bacac58', '2', '8', '🤭', 1, '2026-03-23 14:22:24');
INSERT INTO `messages` VALUES ('b97a5bfc9e2ac60b028c99ef091be9d7', '2', '4', '🤲', 0, '2026-04-12 16:02:24');
INSERT INTO `messages` VALUES ('c3876b73e50755bf7daf654647a0291d', '8', '2', '😶', 1, '2026-03-23 14:08:06');
INSERT INTO `messages` VALUES ('efb3db07e88b564c2bae10f5e7adddb9', '5', '2', '😔', 1, '2026-03-18 20:07:40');
INSERT INTO `messages` VALUES ('ff51d06dcfeb2225d69b6ef140ab4873', '2', '5', '🤤', 1, '2026-03-18 20:07:00');
INSERT INTO `messages` VALUES ('m1', '1', '2', '你好，第一支部管理员！', 1, '2026-03-10 10:00:00');
INSERT INTO `messages` VALUES ('m10', '5', '4', '好啊，张三同志，我们明天下午开始。', 1, '2026-03-10 10:09:00');
INSERT INTO `messages` VALUES ('m11', '6', '7', '赵六同志，周末一起参加志愿活动吧？', 0, '2026-03-10 10:10:00');
INSERT INTO `messages` VALUES ('m12', '1', '4', '张三同志，你的学习进度不错，继续保持！', 0, '2026-03-10 10:11:00');
INSERT INTO `messages` VALUES ('m13', '2', '5', '李四同志，党费已经缴纳了吗？', 1, '2026-03-10 10:12:00');
INSERT INTO `messages` VALUES ('m14', '3', '7', '赵六同志，第二党支部的活动安排好了。', 0, '2026-03-10 10:13:00');
INSERT INTO `messages` VALUES ('m15', '4', '1', '系统管理员，我想申请成为入党积极分子。', 0, '2026-03-10 10:14:00');
INSERT INTO `messages` VALUES ('m2', '2', '1', '你好，系统管理员！', 1, '2026-03-10 10:01:00');
INSERT INTO `messages` VALUES ('m3', '1', '3', '你好，第二支部管理员！', 1, '2026-03-10 10:02:00');
INSERT INTO `messages` VALUES ('m4', '3', '1', '你好，系统管理员！', 1, '2026-03-10 10:03:00');
INSERT INTO `messages` VALUES ('m5', '2', '4', '张三同志，请注意参加本周的支部会议。', 1, '2026-03-10 10:04:00');
INSERT INTO `messages` VALUES ('m6', '4', '2', '好的，我会准时参加。', 1, '2026-03-10 10:05:00');
INSERT INTO `messages` VALUES ('m7', '3', '6', '王五同志，第二党支部的学习计划已经发布。', 1, '2026-03-10 10:06:00');
INSERT INTO `messages` VALUES ('m8', '6', '3', '收到，我会查看学习计划。', 1, '2026-03-10 10:07:00');
INSERT INTO `messages` VALUES ('m9', '4', '5', '李四同志，一起准备党课材料吧？', 1, '2026-03-10 10:08:00');

-- ----------------------------
-- Table structure for policies
-- ----------------------------
DROP TABLE IF EXISTS `policies`;
CREATE TABLE `policies`  (
  `id` varchar(36) CHARACTER SET utf8mb4 COLLATE utf8mb4_0900_ai_ci NOT NULL COMMENT '政策ID',
  `title` varchar(200) CHARACTER SET utf8mb4 COLLATE utf8mb4_0900_ai_ci NOT NULL COMMENT '标题',
  `content` text CHARACTER SET utf8mb4 COLLATE utf8mb4_0900_ai_ci NOT NULL COMMENT '内容',
  `type` enum('新闻动态','政策法规','重要讲话','先进典型') CHARACTER SET utf8mb4 COLLATE utf8mb4_0900_ai_ci NOT NULL COMMENT '类型',
  `publish_date` date NOT NULL COMMENT '发布日期',
  `image_url` varchar(500) CHARACTER SET utf8mb4 COLLATE utf8mb4_0900_ai_ci NULL DEFAULT NULL COMMENT '图片URL',
  `video_url` varchar(500) CHARACTER SET utf8mb4 COLLATE utf8mb4_0900_ai_ci NULL DEFAULT NULL COMMENT '视频URL',
  `summary` varchar(500) CHARACTER SET utf8mb4 COLLATE utf8mb4_0900_ai_ci NULL DEFAULT NULL COMMENT '内容摘要',
  `tags` varchar(500) CHARACTER SET utf8mb4 COLLATE utf8mb4_0900_ai_ci NULL DEFAULT NULL COMMENT '标签，多个用逗号分隔',
  `publisher` varchar(100) CHARACTER SET utf8mb4 COLLATE utf8mb4_0900_ai_ci NULL DEFAULT NULL COMMENT '发布人',
  `view_count` int NULL DEFAULT 0 COMMENT '浏览次数',
  `created_by` varchar(36) CHARACTER SET utf8mb4 COLLATE utf8mb4_0900_ai_ci NULL DEFAULT NULL COMMENT '创建人ID',
  `created_at` timestamp NULL DEFAULT CURRENT_TIMESTAMP COMMENT '创建时间',
  `updated_at` timestamp NULL DEFAULT CURRENT_TIMESTAMP ON UPDATE CURRENT_TIMESTAMP COMMENT '更新时间',
  PRIMARY KEY (`id`) USING BTREE,
  INDEX `idx_type`(`type` ASC) USING BTREE,
  INDEX `idx_publish_date`(`publish_date` ASC) USING BTREE,
  INDEX `created_by`(`created_by` ASC) USING BTREE,
  CONSTRAINT `policies_ibfk_1` FOREIGN KEY (`created_by`) REFERENCES `users` (`id`) ON DELETE SET NULL ON UPDATE RESTRICT
) ENGINE = InnoDB CHARACTER SET = utf8mb4 COLLATE = utf8mb4_0900_ai_ci COMMENT = '政策宣传表' ROW_FORMAT = Dynamic;

-- ----------------------------
-- Records of policies
-- ----------------------------
INSERT INTO `policies` VALUES ('1441b83f8ea608415217235244769215', '久久为功 水清岸绿共城兴（总书记的关切·落地的回响）', '“加快补齐城镇污水收集和处理设施短板，因地制宜开展内源污染治理和生态修复，基本消除城乡黑臭水体并形成长效机制。”\n　　——2023年7月17日，习近平总书记在全国生态环境保护大会上强调\n　　城市黑臭水体是群众身边的突出生态环境问题，是群众身边的麻烦事、烦心事。\n　　习近平总书记强调：“要深入打好污染防治攻坚战，集中攻克老百姓身边的突出生态环境问题，让老百姓实实在在感受到生态环境质量改善。”“十五五”规划纲要提出：“深入打好蓝天、碧水、净土保卫战”。\n　　福建福州晋安区浦东河水上公园碧波荡漾，铺展出一幅温暖的民生画卷：水面上，白鹭不时掠过；湖岸边，花开正艳；凉亭下，市民欢声笑语。\n　　住在附近小区的市民林世杰回忆，以前，污水直排入河，违章建筑侵占河道，加上没有外来水源补给，整条浦东河异味刺鼻。\n　　聚焦民生诉求，晋安区统筹水资源、水环境、水生态治理，下大力气拆违搬迁、清淤疏浚，建设改造截污管网。\n　　昔日“脏臭乱”，而今“清绿美”，改变来之不易。“包括浦东河在内，我们综合治理28条内河水系，沿河拆迁面积约100万平方米，新建截污管68.4千米，清淤量66万立方米。”晋安区城乡建设局局长李兆峰介绍。\n　　随着美丽中国建设持续推进，人民群众对生态环境质量的期望值更高。习近平总书记指出：“要坚持精准治污、科学治污、依法治污，保持力度、延伸深度、拓展广度，深入推进环境污染防治，持续改善生态环境质量。”\n　　顶层设计，周密部署。\n　　2021年印发的《中共中央国务院关于深入打好污染防治攻坚战的意见》提出，“统筹好上下游、左右岸、干支流、城市和乡村，系统推进城市黑臭水体治理”“巩固城市黑臭水体治理成效，建立防止返黑返臭的长效机制”。\n　　生态环境部、住房和城乡建设部等相关部门建立协同机制，《关于进一步做好黑臭水体整治环境保护工作的通知》《深入打好城市黑臭水体治理攻坚战实施方案》等文件印发，黑臭水体治理范围进一步扩展。\n　　完善机制，精准施策。\n　　黑臭水体出现，问题在水里，根源在岸上。各地完善流域管理体系、跨区域管理协调机制以及河长制湖长制组织体系，加强流域内水生态环境保护修复。\n　　在晋安区岳峰镇，竹屿河清澈见底。这条总长度不到400米的河道，如今24小时有人守护。“既看监控，也走现场，对可能导致污染的问题及时解决。”负责竹屿河黑臭水体整治的清控人居（福州）水环境科技有限公司运营部经理陈云说，公司在竹屿河附近新建污水处理站，收集处理周边居民生活污水。\n　　福州市推行政府河长与企业河长“双河长制”，陈云便是竹屿河的“企业河长”。陈云遇到无法处理的问题，就交由竹屿河“政府河长”、岳峰镇副镇长江朝清协调解决。\n　　压实责任，常态长效。\n　　为持续巩固城市黑臭水体治理成效，福建省住房和城乡建设厅组织第三方团队对治理后的城市黑臭水体开展常态化巡查，发现问题形成清单，发函提醒当地政府和主管部门。截至目前，福建省县级城市建成区范围内的29条黑臭水体全部完成整治。\n　　建立健全返黑返臭防范机制，推动一条条“臭水沟”长治久清。放眼全国，截至2025年底，3000多条地级及以上城市黑臭水体基本消除、治理成效进一步巩固提升，完成基本消除县级城市黑臭水体任务，较大面积农村黑臭水体治理率达到98%以上。\n　　一处处黑臭水体逐渐消除，一条条河流重现鱼翔浅底。持续深入打好污染防治攻坚战，以高水平保护推动高质量发展、创造高品质生活，天更蓝、山更绿、水更清、环境更优美的美丽中国画卷必将更加多姿多彩。\n　　《 人民日报 》（ 2026年04月12日 01 版）', '新闻动态', '2026-04-12', 'https://q1.itc.cn/q_70/images03/20260412/59819c99185b4cc2918877ff632feada.png', NULL, '统筹推进重点任务落实，促进各项事业协同发展。', '创新发展,高质量发展', '人民日报', 26, NULL, '2026-04-12 19:08:40', '2026-04-13 13:36:54');
INSERT INTO `policies` VALUES ('6bdfc6b7e011c19a29b8d917d3ad1b8b', '习近平：树立和践行正确政绩观', '习近平总书记关于树立和践行正确政绩观重要论述节录\n\n我们讲宗旨，讲了很多话，但说到底还是为人民服务这句话。我们党就是为人民服务的。中央的考虑，是要为人民做事。各级干部也不能眼睛总是向上。任何事情都要向上看看，向下看看。要经常问问自己，我们是不是在忙着与党的根本宗旨毫不相关的事情？有没有一心一意在为老百姓做事情？是不是在围绕党和国家中心任务而工作？古时候讲，食君之禄，忠君之事。现在就是要服务人民。\n\n（2012年12月29日、30日在河北省阜平县考察扶贫开发工作时的讲话）\n\n概括起来说，好干部要做到信念坚定、为民服务、勤政务实、敢于担当、清正廉洁。信念坚定，党的干部必须坚定共产主义远大理想，真诚信仰马克思主义，矢志不渝为中国特色社会主义而奋斗，坚持党的基本理论、基本路线、基本纲领、基本经验、基本要求不动摇。为民服务，党的干部必须做人民公仆，忠诚于人民，以人民忧乐为忧乐，以人民甘苦为甘苦，全心全意为人民服务。勤政务实，党的干部必须勤勉敬业、求真务实、真抓实干、精益求精，创造出经得起实践、人民、历史检验的实绩。敢于担当，党的干部必须坚持原则、认真负责，面对大是大非敢于亮剑，面对矛盾敢于迎难而上，面对危机敢于挺身而出，面对失误敢于承担责任，面对歪风邪气敢于坚决斗争。清正廉洁，党的干部必须敬畏权力、管好权力、慎用权力，守住自己的政治生命，保持拒腐蚀、永不沾的政治本色。这些说起来大家都明白，但要真正做到就不那么容易了。\n\n（2013年6月28日在全国组织工作会议上的讲话）\n\n[IMG:https://p2.img.cctvpic.com/photoworkspace/contentimg/2026/03/31/2026033115192022152.jpg]\n\n2026年3月5日下午，中共中央总书记、国家主席、中央军委主席习近平参加他所在的十四届全国人大四次会议江苏代表团审议。\n\n衡量党性强弱的根本尺子是公、私二字。有的领导干部为了捞资本、谋升迁，不惜动用人力物力财力，大搞“形象工程”、“政绩工程”；有的领导干部任人唯亲、任人唯利，甚至搞顺我者昌、逆我者亡；有的领导干部以权谋私、贪赃枉法，为自己和小团体谋取私利，甚至到了欲壑难填、蛇欲吞象的地步，其中的动因不就是一个“私”字吗？有人说，现在不要讲“大公无私”了，因为干部的合理合法利益也要承认，应该是“大公有私”。这是一个谬论！干部合理合法的利益当然要承认，也要保障，但这同私心、私利、私欲不是同一个概念，不能混为一谈。作为党的干部，就是要全心全意为人民服务，就是要诚心诚意为党和人民事业奋斗，就是要讲大公无私、公私分明、先公后私、公而忘私。如果连这一点都不讲了，我们党还是中国工人阶级先锋队吗？还是中国人民和中华民族先锋队吗？作为共产党员，作为党的干部，只有一心为公，事事出于公心，才能有正确的是非观、义利观、权力观、事业观，才能把群众装在心里，才能坦荡做人、谨慎用权，才能光明正大、堂堂正正。\n\n（2013年9月23日—25日在参加河北省委常委班子专题民主生活会时的讲话）\n\n人民是国家的主人，干部是人民的公仆。公仆公仆，一要为公，不能有私心；二要为仆，不能有官气。公仆对人民负责，天经地义。这种关系不能颠倒。任何党员、干部，只有为人民服务的责任和义务，没有当官做老爷的权力。对这个问题，我们要进一步向广大党员、干部讲清楚，而且要经常讲、反复讲。\n\n（2014年8月27日在听取兰考县和河南省党的群众路线教育实践活动情况汇报时的讲话）\n\n在县委书记这个岗位上，很多人都想干一番事业，这种想法和干劲是必须有的。我当年到了正定，看到老百姓生活比较贫困、经济社会发展水平比较落后的情形，心里很着急，的确有一股激情、一种志向，想尽快改变这种面貌。但是，干事创业一定要树立正确政绩观，做到“民之所好好之，民之所恶恶之”。要求真务实、真抓实干，做工作自觉从人民利益出发，决不能为了树立个人形象，搞华而不实、劳民伤财的“形象工程”、“政绩工程”。\n\n（2015年1月12日在中央党校县委书记研修班学员座谈会上的讲话）\n\n功成不必在我并不是消极、怠政、不作为，而是要牢固树立正确政绩观，既要做让老百姓看得见、摸得着、得实惠的实事，也要做为后人作铺垫、打基础、利长远的好事，既要做显功，也要做潜功，不计较个人功名，追求人民群众的好口碑、历史沉淀之后真正的评价。\n\n（2018年3月8日在参加十三届全国人大一次会议山东代表团审议时的讲话）\n\n考核干部要经常化、制度化、全覆盖，既把功夫下在平时，全方位、多渠道了解干部，又注重了解干部在完成急难险重任务、处理复杂问题、应对重大考验中的表现，既在小事上察德辨才，更在大事上看德识才。要强化分类考核，对资源禀赋、基础水平、发展阶段、主体功能区定位不同的地区在考核内容上要区别对待。对主要领导干部和班子成员、不同岗位的领导干部也应有不同的考核要求，不能搞“上下一般粗”、“左右一个样”。“近水知鱼性，近山识鸟音。”我讲过，要近距离接触干部，看干部对重大问题的思考、对群众的感情、对待名利的态度、为人处世方式、处理复杂问题能力。干部业绩在实践，干部声名在民间。要带上“望远镜”、“显微镜”，对干部近距离接触、多角度考察；多到基层干部群众中、多在乡语口碑中了解干部，使选出来的干部组织放心、群众满意、干部服气。要把研究人和研究事结合起来，避免从抽象到抽象，凭感觉下结论。\n\n（2018年7月3日在全国组织工作会议上的讲话）\n\n干部干事创业要树立正确政绩观，有功成不必在我的精神境界、功成必定有我的历史担当，发扬钉钉子精神，脚踏实地干。\n\n（2019年3月1日在2019年春季学期中央党校〈国家行政学院〉中青年干部培训班开班式上的讲话）\n\n要践行新时期好干部标准，不做政治麻木、办事糊涂的昏官，不做饱食终日、无所用心的懒官，不做推诿扯皮、不思进取的庸官，不做以权谋私、蜕化变质的贪官。\n\n（2019年7月9日在中央和国家机关党的建设工作会议上的讲话）\n\n要树立正确政绩观，处理好稳和进、立和破、虚和实、标和本、近和远的关系，坚持底线思维，强化风险意识，自觉把新发展理念贯穿到经济社会发展全过程。\n\n（2020年1月21日在云南考察时的讲话）\n\n[IMG:https://p3.img.cctvpic.com/photoworkspace/contentimg/2026/03/31/2026033115192090829.jpg]\n\n2026年3月23日，中共中央总书记、国家主席、中央军委主席习近平在河北雄安新区考察，并主持召开深入推进雄安新区高质量建设和发展座谈会。这是23日下午，习近平主持召开深入推进雄安新区高质量建设和发展座谈会并发表重要讲话。\n\n中国共产党把为民办事、为民造福作为最重要的政绩，把为老百姓办了多少好事实事作为检验政绩的重要标准。党员、干部特别是领导干部要清醒认识到，自己手中的权力、所处的岗位，是党和人民赋予的，是为党和人民做事用的，只能用来为民谋利。各级领导干部要树立正确的权力观、政绩观、事业观，不慕虚荣，不务虚功，不图虚名，切实做到为官一任、造福一方。\n\n（2020年5月22日在参加十三届全国人大三次会议内蒙古代表团审议时的讲话）\n\n各地区要根据自身条件和可能，既全面贯彻新发展理念，又抓住短板弱项来重点推进，不能脱离实际硬干，更不要为了出政绩不顾条件什么都想干，最后什么也干不成。\n\n（2021年1月28日在十九届中央政治局第二十七次集体学习时的讲话）\n\n共产党的干部要坚持当“老百姓的官”，把自己也当成老百姓，不要做官当老爷，在这一点上，年轻干部从一开始就要想清楚，而且要终身牢记。年轻干部无论是立身处世还是从政干事，首先要解决好“我是谁、为了谁、依靠谁”的问题，不断追求“我将无我，不负人民”的精神境界。\n\n（2021年3月1日在2021年春季学期中央党校〈国家行政学院〉中青年干部培训班开班式上的讲话）\n\n形式主义、官僚主义是党和国家事业发展的大敌。要从领导干部特别是主要领导干部抓起，树立正确政绩观，尊重客观实际和群众需求，强化系统思维和科学谋划，多做为民造福的实事好事，杜绝装样子、搞花架子、盲目铺摊子。要落实干部考核、工作检查相关制度，科学评价干部政绩，促进干部更好担当作为。\n\n（2022年1月18日在十九届中央纪委六次全会上的讲话）\n\n树立和践行正确政绩观，起决定性作用的是党性。只有党性坚强、摒弃私心杂念，才能保证政绩观不出偏差。现在，一些领导干部做事动机并不那么纯正，把干事和个人名利捆绑在一起。有的为了获取升迁资本，重显绩轻潜绩、重面子轻里子，好大喜功、急功近利。有的为了迎合上级、讨领导欢心，热衷于打造领导“可视范围”内的项目工程，不怕群众不满意、就怕领导不注意。有的为了给自己留名、替自己立碑，喜欢“做秀”而不是“做事”，热衷于“造势一时”而不是“造福一方”。有的有了一点成绩，就伸手向组织要回报，如果三五年没有动静就觉得组织上亏待了他。大家一定要牢记创造业绩的目的是为人民谋利益，真正把心思和精力放在为党和人民干事创业上。\n\n共产党人必须牢记，为民造福是最大政绩。我们谋划推进工作，一定要坚持全心全意为人民服务的根本宗旨，坚持以人民为中心的发展思想，坚持发展为了人民、发展依靠人民、发展成果由人民共享，把好事实事做到群众心坎上。什么是好事实事，要从群众切身需要来考量，不能主观臆断，不能简单化、片面化。当年，我在地方工作时，针对一些干部片面追求经济增长而忽视群众实际需求的情况专门强调：必须明确好事实事的概念，扶持经济发展，帮助群众富裕起来是好事实事；弘扬社会正气，打击“害群之马”，丰富群众业余生活，创造良好社会环境，也是好事实事；解决群众衣食住行之苦、生老病死之需，是好事实事；甚至远处僻土深山的群众买不到灯泡、肥皂之类针头线脑的小事，得到我们的关心解决，也是好事实事。我就是要告诉大家：哪里有人民需要，哪里就能做出好事实事，哪里就能创造业绩；业绩好不好，要看群众实际感受，由群众来评判。当时我还强调：有些事情是不是好事实事，不能只看群众眼前的需求，还要看是否会有后遗症，是否会“解决一个问题，留下十个遗憾”。我讲的这些观点，现在也是适用的。\n\n（2022年3月1日在2022年春季学期中央党校〈国家行政学院〉中青年干部培训班开班式上的讲话）\n\n完善干部考核评价体系，引导干部树立和践行正确政绩观，推动干部能上能下、能进能出，形成能者上、优者奖、庸者下、劣者汰的良好局面。\n\n（2022年10月16日在中国共产党第二十次全国代表大会上的报告）\n\n任何时候我们都不能走那种急就章、竭泽而渔、唯GDP的道路。这就是为什么要树牢新发展理念。树立正确的政绩观也就在这里，功成不必在我、功成必定有我。\n\n（2023年3月5日在参加十四届全国人大一次会议江苏代表团审议时的讲话）\n\n各级领导班子要牢记党和人民嘱托，发扬“功成不必在我、功成必定有我”的精神，坚持一张蓝图绘到底，对已有的部署和规划，只要是科学的、切合新的实践要求的、符合人民群众愿望的，就要坚持，一茬接着一茬干，防止换届后容易出现的政绩冲动、盲目蛮干、大干快上以及“换赛道”、“留痕迹”等现象。\n\n（2023年4月3日在学习贯彻习近平新时代中国特色社会主义思想主题教育工作会议上的讲话）\n\n树牢造福人民的政绩观，坚持以人民为中心的发展思想，坚持高质量发展，不搞贪大求洋、盲目蛮干、哗众取宠；坚持出实招求实效，不搞华而不实、投机取巧、数据造假；坚持打基础利长远，不搞急功近利、竭泽而渔、劳民伤财。\n\n（2023年7月7日在江苏考察时的讲话）\n\n领导干部要树牢造福人民的政绩观。我们共产党人干事业、创政绩，为的是造福人民，不是为了个人升迁得失。中央政治局的同志要带头坚持以人民为中心的发展思想，坚持高质量发展，反对贪大求洋、盲目蛮干；坚持出实招求实效，反对华而不实、数据造假；坚持打基础利长远，反对竭泽而渔、劳民伤财。高质量发展是全面建设社会主义现代化国家的首要任务，坚持高质量发展要成为领导干部政绩观的重要内容。要完善推动高质量发展的政绩考核评价办法，发挥好指挥棒作用，推动各级领导班子认真践行正确政绩观，切实形成正确工作导向。\n\n（2023年12月21日、22日在中央政治局学习贯彻习近平新时代中国特色社会主义思想主题教育专题民主生活会时的讲话）\n\n[IMG:https://p2.img.cctvpic.com/photoworkspace/contentimg/2026/03/31/2026033115192083179.jpg]\n\n2024年10月15日至16日，中共中央总书记、国家主席、中央军委主席习近平在福建考察。这是15日下午，习近平在漳州市东山县谷文昌纪念馆考察时，同谷文昌干部学院教师、学员代表亲切交流。\n\n衡量干部业绩好不好，关键要看老百姓口碑好不好。各级领导干部要向谷文昌同志学习，树牢正确政绩观，为官一任、造福一方，真抓实干、久久为功，把丰碑立在人民群众心中。\n\n（2024年10月15日在福建考察时的讲话）\n\n着力纠治政绩观偏差。完善高质量发展考核体系和干部政绩考核评价体系。对违规招商引资、搞地方保护、新官不理旧账等行为，及时批评纠正，对性质恶劣的严肃追究责任。\n\n（2025年7月1日在二十届中央财经委员会第六次会议上的讲话）\n\n要树立和践行正确政绩观。政绩既体现在抓发展上，也体现在惠民生、保稳定上；既体现在即期见效的显绩上，也体现在打基础、增后劲、利长远的潜绩上；既体现在解决现实矛盾上，也体现在解决历史遗留问题上。要教育引导各级领导干部坚持为人民出政绩、以实干出政绩，自觉按规律办事，不在追求政绩上搞急功近利、弄虚作假、盲目蛮干那一套，杜绝新官不理旧账和“形象工程”、“政绩工程”。要完善差异化考核评价体系，提高考核的针对性和科学性，让考核指挥棒真正管用。当前，正在按照党的二十届四中全会《建议》编制国家和地方“十五五”规划及专项规划。要加强统筹，精简优化交叉重复、缺乏实效的规划编制任务，防止规划过多过滥。所有规划都要实事求是，追求实实在在、没有水分的增长，推动高质量、可持续的发展。对于脱离实际急躁冒进、层层加码、乱铺摊子的，要严肃问责。\n\n（2025年12月10日在中央经济工作会议上的讲话）\n\n各级领导干部要从实现党的使命任务出发，树立和践行正确政绩观，看自己的思想和行动有没有偏离共产主义远大理想和中国特色社会主义共同理想，有没有背离全心全意为人民服务根本宗旨，有没有游离党的路线方针政策和党中央重大决策部署，有没有脱离国情和本地区本部门实际，以功成不必在我、功成必定有我的精神境界，心无旁骛推进中国式现代化。\n\n（2026年1月12日在二十届中央纪委五次全会上的讲话）\n\n树立和践行正确政绩观。政绩观问题是一个根本性问题，关乎立党为公、执政为民。正确政绩观要求我们坚持从实际出发、按规律办事，通过科学决策和实干苦干，创造经得起实践和历史检验、真正造福人民、得到群众公认的业绩。错误政绩观则是从个人或小团体利益出发，心浮气躁、急功近利、弄虚作假、盲目蛮干，搞“形象工程”、“政绩工程”，留下包袱和隐患，引起人民群众强烈不满。\n\n（2026年1月20日在省部级主要领导干部学习贯彻党的二十届四中全会精神专题研讨班上的讲话）\n\n要引导党员干部特别是领导干部坚持为人民出政绩、以实干出政绩，自觉在追求政绩上杜绝标新立异、好大喜功、花拳绣腿、劳民伤财、新官不理旧账那一套。同时，要完善差异化考核评价体系，提高考评针对性和科学性，防止出现“数字出官、官出数字”的恶性循环。\n\n（2026年1月20日在省部级主要领导干部学习贯彻党的二十届四中全会精神专题研讨班上的讲话）\n\n[IMG:https://p2.img.cctvpic.com/photoworkspace/contentimg/2026/03/31/2026033115192052785.jpg]\n\n2026年2月9日至10日，中共中央总书记、国家主席、中央军委主席习近平在北京考察并看望慰问基层干部群众。这是10日上午，习近平在西城区新街口街道父母食堂考察时，同在这里休息的快递小哥亲切交流。\n\n树立和践行正确政绩观讲了多年、抓了多年，取得一些成效。但从巡视、督查和查办案件的情况看，政绩观方面仍然存在不少突出问题，需要长期不断地抓。\n\n今年是“十五五”开局之年，地方各级领导班子将陆续换届，通过学习教育推动各级领导班子和领导干部树立和践行正确政绩观，十分重要，很有必要。\n\n《关于在全党开展树立和践行正确政绩观学习教育的通知》，对学习教育的目标要求、工作安排、组织领导等作了明确部署。中央党的建设工作领导小组要在党中央领导下，抓好统筹协调，精心组织实施，督促各级党组织把学习教育作为今年党的建设的重要任务，确保取得实效。\n\n第一，认认真真、扎扎实实提高思想认识。我们党是立党为公、执政为民的党，是全心全意为人民服务的党，只有不断以良好政绩推动党和国家事业发展、造福人民，才能践行好党的宗旨，也才能完成好党的历史使命。党的十八大以来，我反复强调要完整准确全面贯彻新发展理念、着力推动高质量发展，要把这个要求一级一级落实下去，没有正确政绩观是做不到的。\n\n大量事实表明，政绩观偏差和错位，会浪费资源、助长形式主义、滋生不正之风和腐败现象，最终劳民伤财，破坏党群干群关系，影响领导班子和领导干部在人民群众心目中的形象，如果放任下去，就会动摇党的执政根基，危害十分严重。\n\n全党同志特别是各级领导干部要从理论上和实践上深刻认识政绩观对党和国家事业发展的重要性，特别是要对照正反两方面典型，深刻汲取经验教训，提高党性觉悟，以对党和人民高度负责的态度，增强树立和践行正确政绩观的思想自觉和行动自觉。\n\n第二，认认真真、扎扎实实整改突出问题。要把正确政绩观树起来、践行好，必须坚持目标导向和问题导向相结合，切实解决政绩观突出问题。这次学习教育，要紧扣贯彻“立党为公、为民造福、科学决策、真抓实干”总要求，一体推进学查改，把问题查清、找准，精准务实抓整改。要列出问题清单，对标对表、精准画像，能改即改、立行立改，对历史形成、一时难以完全解决的问题制定切实可行的计划和方案，盯住不放，锲而不舍整改到位。\n\n摆问题、查根源、拿处方，要上下联动。要从领导机关和领导干部抓起、改起，主要领导干部要带好头、作表率，一级做给一级看、一级带着一级改。要坚持实事求是，是什么问题就解决什么问题、有多少问题就解决多少问题、问题该用什么方法解决就用什么方法解决，不能笼而统之提要求、“一锅煮”。\n\n解决问题必须下真功、使实劲，不能虚以应对走过场。要见事见人、责任到人，敢于动真碰硬，坚持抓典型抓现行抓通报，对发现的违规违纪违法问题及时通报、查处，并加强警示教育和以案促改。\n\n第三，认认真真、扎扎实实立好制度规矩。政绩观问题，与权力任性滥用关联度很高，必须把权力关进制度的笼子。要从这次学习教育查改的问题中发现制度漏洞、短板、弱项，切实把制度规矩补齐立好，把什么能干、什么不能干、为了谁干、应当怎样干搞得清清楚楚，并且配套完善问责办法，让制度硬起来，充分发挥引导激励、规范约束作用。考察干部，要看是不是老老实实践行正确政绩观，把既有能力又忠诚老实的人用起来，对投机取巧、四面圆滑、八面玲珑的人决不能用。\n\n领导职位越高，政绩观出问题所产生的危害越大。要严格执行民主集中制，完善领导班子议事决策规则，防止和克服新官不理旧账、急功近利、弄虚作假、盲目蛮干、违背群众意愿不切实际决策、搞“形象工程”和“政绩工程”、政策规划“翻烧饼”、违规新增地方政府隐性债务等问题。要加强对“一把手”的监督，防止“一把手”任性用权、搞朝令夕改。要完善政绩考核评价体系，发挥好考核“指挥棒”作用。\n\n要用好正反两方面典型。正面典型要找准，经得起检验，加强宣传，不要刻意包装。反面典型要区分不同层面和类别，梳理存在的问题和表现，有针对性加以分析，真正发挥警示作用。\n\n（2026年2月5日关于在全党开展树立和践行正确政绩观学习教育的指示）\n\n※这是习近平总书记2012年12月至2026年2月期间有关树立和践行正确政绩观重要论述的节录。', '重要讲话', '2026-03-31', 'https://p2.img.cctvpic.com/photoworkspace/contentimg/2026/03/31/2026033115192022152.jpg', NULL, '着力加强制度建设和工作创新，确保各项工作取得实效。', '党的建设,政治建设', '习近平', 17, NULL, '2026-04-13 11:45:44', '2026-04-13 13:15:43');
INSERT INTO `policies` VALUES ('6cab1c2604ce7c76962ce04bb0ffa2fb', '中华人民共和国国家发展规划法', '中华人民共和国国家发展规划法\n（2026年3月12日第十四届全国人民代表大会第四次会议通过）\n　　目录\n　　第一章　总则\n　　第二章　国家发展规划的编制\n　　第三章　国家发展规划的审查和批准\n　　第四章　国家发展规划的实施\n　　第五章　国家发展规划实施的监督\n　　第六章　附则\n　　第一章　总则\n　　第一条　为了规范国家发展规划的制定和保障国家发展规划的实施，强化国家发展规划战略导向作用，完善宏观经济治理体系，推动高质量发展，推进国家治理体系和治理能力现代化，全面建设社会主义现代化国家，根据宪法，制定本法。\n　　第二条　国家发展规划的编制、审查和批准、实施及其监督等工作，适用本法。\n　　本法所称国家发展规划，是指中华人民共和国国民经济和社会发展五年规划纲要，包括根据需要提出的远景目标。\n　　第三条　国家发展规划工作坚持中国共产党的领导，坚持以习近平新时代中国特色社会主义思想为指导，全面贯彻落实党的路线方针政策和党中央决策部署，坚持以人民为中心的发展思想，践行全过程人民民主，坚持完整准确全面贯彻新发展理念，着力推动高质量发展，统筹发展和安全，全面深化改革，构建高水平社会主义市场经济体制，充分发挥市场在资源配置中的决定性作用，更好发挥政府作用，以中国式现代化全面推进中华民族伟大复兴。\n　　第四条　国家发展规划是社会主义现代化战略在规划期内的阶段性部署和安排，主要阐明国家战略意图、明确政府工作重点、引导规范社会主体行为，是规划期内经济社会发展的蓝图和行动纲领，是政府履行经济调节、市场监管、社会管理、公共服务、生态环境保护等职能的重要依据，是其他各级各类规划的总遵循。\n　　国家建立健全以国家发展规划为统领，以国土空间规划为基础，以专项规划、区域规划为支撑，由国家和地方规划共同组成，定位准确、边界清晰、功能互补、统一衔接的国家规划体系，形成规划合力。\n　　第五条　制定和实施国家发展规划应当坚持党中央集中统一领导，坚持从实际出发，坚持全国一盘棋，坚持发扬民主、集思广益，坚持规划法定原则。\n　　制定国家发展规划应当体现战略性、宏观性、政策性，增强指导和约束功能，提高规划编制的科学化、民主化、法治化、规范化水平。\n　　第六条　国家加强对国家发展规划实施的组织协调，建立健全规划衔接、政策协同、监测评估和监督等机制，保障国家发展规划有效实施。\n　　第二章　国家发展规划的编制\n　　第七条　国家发展规划根据党中央关于制定国民经济和社会发展五年规划的建议和决策部署，由国务院组织编制。\n　　国务院负责拟订国家发展规划的主管部门（以下称国务院国家发展规划主管部门）会同国家有关部门承担国家发展规划的具体编制工作。\n　　第八条　国家发展规划应当包括以下主要内容：\n　　（一）发展环境分析；\n　　（二）指导方针；\n　　（三）主要目标、指标；\n　　（四）重大战略任务、重大政策举措、重大工程项目；\n　　（五）规划实施的保障。\n　　第九条　编制国家发展规划应当遵循自然规律、经济规律和社会发展规律，坚持国内和国际相统筹、目标导向和问题导向相结合、中长期目标和短期目标相贯通、全面规划和突出重点相协调、战略性和操作性相统一。\n　　第十条　编制国家发展规划应当开展前期研究。\n　　前期研究应当全面深入研究经济社会发展的全局性、前瞻性、关键性、深层次重大问题，围绕国家发展战略安排，科学研判发展环境和发展趋势，准确把握阶段性特征和发展方向，提出推动高质量发展的基本思路。\n　　第十一条　编制国家发展规划应当统筹考虑要素支撑条件、资源环境承载能力、财政承受能力和重大风险防范等因素，加强政府中长期支出事项管理，对拟提出的经济社会发展主要目标和指标、重大战略任务、重大政策举措、重大工程项目等，加强多角度论证和多方案比选。\n　　第十二条　编制国家发展规划应当坚持顶层设计和问计于民相统一，健全公众参与机制，鼓励社会参与，通过互联网等途径向社会公开征集意见建议，采取多种方式广泛听取人民群众、企业事业单位和社会各方面的意见建议。\n　　第十三条　编制国家发展规划应当健全专家咨询论证制度，对国家发展规划编制中的有关重大问题组织相关领域专家进行论证，并形成论证报告。\n　　专家参与咨询论证应当维护国家利益和社会公共利益，客观、公正、科学、严谨地提供咨询论证意见，并对咨询论证中所知悉的国家秘密、工作秘密等依法负有保密义务。\n　　第十四条　编制国家发展规划应当创新编制手段，综合运用现代信息技术，充分发挥高等学校、科研机构、智库、行业协会等的辅助支持作用。\n　　第十五条　国家发展规划草案由国务院国家发展规划主管部门会同国家有关部门起草，按照规定程序报请党中央、国务院审议。\n　　国务院国家发展规划主管部门报送国家发展规划草案时，应当附送论证报告等相关材料。\n　　第三章　国家发展规划的审查和批准\n　　第十六条　国家发展规划草案报党中央、国务院审议后，由国务院按照法律规定程序提请全国人民代表大会审查和批准。\n　　国务院向全国人民代表大会提交国家发展规划草案时，应当附送上一个规划期国家发展规划实施情况总结评估报告等相关材料。\n　　第十七条　国家发展规划草案提请全国人民代表大会审查和批准前，全国人民代表大会常务委员会组织全国人民代表大会有关专门委员会和常务委员会工作机构围绕国家发展规划编制工作适时开展专题调查研究。\n　　第十八条　全国人民代表大会会议举行前，国务院国家发展规划主管部门应当就国家发展规划编制的基本情况、初步方案等向全国人民代表大会财政经济委员会和有关专门委员会汇报，由财政经济委员会进行初步审查。初步审查意见送国务院国家发展规划主管部门。\n　　财政经济委员会进行初步审查时，应当邀请全国人民代表大会代表参加。\n　　第十九条　全国人民代表大会举行会议时，国家发展规划草案由各代表团进行审查，并由财政经济委员会和有关专门委员会审查。\n　　财政经济委员会根据各代表团和有关专门委员会的审查意见，对国家发展规划草案进行审查，向全国人民代表大会主席团提出审查结果报告。\n　　全国人民代表大会主席团审议通过审查结果报告后，印发会议，并将关于批准国家发展规划的决议草案提请全国人民代表大会全体会议表决。\n　　第二十条　国家发展规划经全国人民代表大会审查和批准后公布实施。\n　　国家发展规划公布后，未经法定程序，不得调整。\n　　第二十一条　国家发展规划在实施过程中经评估需要进行调整的，由国务院提出调整方案，报党中央同意后，提请全国人民代表大会常务委员会审查和批准。\n　　经全国人民代表大会常务委员会审查和批准的国家发展规划调整方案应当及时公布，并向全国人民代表大会下次会议报告。\n　　第四章　国家发展规划的实施\n　　第二十二条　国务院负责组织实施国家发展规划。\n　　国务院国家发展规划主管部门会同国家有关部门拟订国家发展规划实施意见，按照规定程序报经批准后实施。\n　　各地区、各部门应当根据国家发展规划及其实施意见，明确涉及本地区、本领域的具体工作安排和推进措施。\n　　第二十三条　国务院组织编制国民经济和社会发展年度计划，应当与国家发展规划保持衔接，贯彻国家发展规划提出的发展目标和重大战略任务，将国家发展规划确定的主要指标分解纳入年度指标体系，设置年度目标，做好年度间综合平衡，并根据国家发展规划确定的重大战略任务等合理确定年度工作重点。\n　　国民经济和社会发展年度计划按照法律规定程序提请全国人民代表大会审查和批准后执行。国务院按照法律规定程序向全国人民代表大会及其常务委员会报告国民经济和社会发展年度计划执行情况。\n　　国务院国家发展规划主管部门会同国家有关部门承担国民经济和社会发展年度计划的具体编制工作。\n　　第二十四条　国家统筹各级各类规划编制，加强规划间衔接协调。\n　　国家级国土空间规划、专项规划、区域规划应当依据国家发展规划编制，并按规定适时调整。\n　　国家健全国土空间规划、专项规划、区域规划等各级各类规划落实国家发展规划的机制，健全和规范规划编制目录清单、备案、衔接协调等管理制度，加强信息共享，保证各级各类规划与国家发展规划在主要目标、发展方向、总体布局、重大战略任务、重大政策举措、重大工程项目、风险防控等方面协调一致。\n　　第二十五条　国家健全国家发展规划与宏观政策协调和工作协同机制，结合经济社会发展形势，围绕实施国家发展规划，合理确定宏观政策取向，促进财政、货币、产业、科技、价格、就业、消费、投资、贸易、土地等政策协同发力，增强宏观政策取向一致性。\n　　第二十六条　各地区、各部门制定政策，应当符合国家发展规划确定的产业发展和结构调整方向、区域发展和空间格局优化方向。\n　　重大生产力布局和自然资源、人口、生态环境、社会等公共政策的制定，应当服从国家发展规划，服务于国家发展规划的实施。\n　　第二十七条　各地区、各部门应当合理配置公共资源、积极引导社会资源，支持实施国家发展规划确定的重大战略任务、重大政策举措、重大工程项目。\n　　中央财政资金优先投向国家发展规划确定的重大战略任务、重大政策举措、重大工程项目，中央财政资金的管理和使用应当按照预算相关法律法规执行。\n　　第二十八条　国务院加强对国家发展规划实施情况的动态监测和评估，监测评估结果作为加强和改进国家发展规划实施的重要依据。\n　　国务院国家发展规划主管部门会同国家有关部门承担动态监测和评估的具体工作。\n　　第五章　国家发展规划实施的监督\n　　第二十九条　全国人民代表大会及其常务委员会对国家发展规划实施情况依法进行监督。\n　　全国人民代表大会财政经济委员会和有关专门委员会承担国家发展规划实施监督的具体工作。\n　　第三十条　国家发展规划实施的中期阶段，国务院应当组织对国家发展规划实施情况进行中期评估，形成中期评估报告，报党中央同意后，提请全国人民代表大会常务委员会审议。\n　　全国人民代表大会常务委员会审议后，应当将审议意见交由国务院研究处理，国务院应当将研究处理情况向全国人民代表大会常务委员会提出书面报告。\n　　国家发展规划实施情况的中期评估报告、全国人民代表大会常务委员会组成人员的审议意见和国务院对审议意见的研究处理情况，应当向全国人民代表大会代表通报并以适当方式向社会公布，接受社会监督。\n　　全国人民代表大会常务委员会审议国家发展规划实施情况的中期评估报告前，财政经济委员会应当会同有关专门委员会开展专题调查研究，并向常务委员会提出调研报告。\n　　第三十一条　国家发展规划的规划期结束前，国务院应当组织对国家发展规划实施情况进行总结评估，形成总结评估报告，报党中央同意后，与提请审查和批准的下一个规划期国家发展规划草案一并提交全国人民代表大会。\n　　第三十二条　国务院国家发展规划主管部门会同国家有关部门承担国家发展规划实施情况中期评估和总结评估的具体工作。\n　　第三十三条　监察机关和审计机关在各自职责范围内对国家发展规划实施情况依法进行监督。\n　　第三十四条　国家发展规划实施情况应当作为衡量各地区、各部门依法履职情况的重要参考。\n　　第三十五条　国家工作人员在国家发展规划工作中滥用职权、玩忽职守、徇私舞弊或者有其他违法行为的，依法追究责任。\n　　第六章　附则\n　　第三十六条　省、自治区、直辖市国民经济和社会发展五年规划纲要草案应当报送国务院国家发展规划主管部门，与国家发展规划相衔接；经本级人民代表大会审查和批准后，报送国务院国家发展规划主管部门备案。\n　　县级以上地方本行政区域内国民经济和社会发展五年规划纲要应当与上级国民经济和社会发展五年规划纲要相衔接，坚持因地制宜，突出地方特色。\n　　县级以上地方本行政区域内国民经济和社会发展五年规划纲要的编制、审查和批准、实施及其监督等程序，参照本法有关规定执行。\n　　第三十七条　国家坚持“一国两制”方针，支持香港特别行政区、澳门特别行政区主动对接国家发展规划，融入和服务国家发展大局。\n　　第三十八条　本法自公布之日起施行。', '政策法规', '2026-03-13', 'https://bkimg.cdn.bcebos.com/pic/b90e7bec54e736d12f2e18035c0958c2d5628535c33c?x-bce-process=image/format,f_auto/quality,Q_70/resize,m_lfit,limit_1,w_536', NULL, '统筹推进重点任务落实，促进各项事业协同发展。', '创新发展,高质量发展', '中华人民共和国司法部', 5, NULL, '2026-04-12 18:06:04', '2026-04-13 13:17:56');
INSERT INTO `policies` VALUES ('6eceec48eb7d14230e3840c5900c5d35', '听民意 解民忧 固长效——各地扎实开展树立和践行正确政绩观学习教育', '习近平总书记强调，我们党为人民而生、因人民而兴，一切工作都是为了人民的幸福。我们要始终坚持人民至上，树立和践行正确政绩观，创造经得起实践、人民、历史检验的实绩。\n  树立和践行正确政绩观学习教育开展以来，重庆、海南、云南、陕西等地坚持高标准谋划、高质量推进，以调查研究摸清实情，以开门教育广纳民声，以建章立制巩固成果，着力在整改落实上出实招、求实效，推动学习教育不断走深走实。\n  深入一线听民意 找准查实突出问题\n  政绩观问题是一个根本性问题，关乎立党为公、执政为民。重庆市委以一体推进学查改为抓手，层层压实政治责任，推动学习教育走深走实。市委理论学习中心组带头开展专题研讨交流，带动全市县处级及以上领导班子开展集中学习5800余次。市级层面和各区县等结合自身实际梳理形成本级《政绩观偏差主要问题单》，找准查实政绩观偏差具体问题。\n\n[IMG:http://www.chinapolicy.com.cn/upload_files/article/3/297_20260403170452_axfe6.jpg]\n\n  2026年3月22日，游客在重庆市巴南区二圣镇集体村云林天乡景区踏青游玩（无人机照片）。近年来，重庆市巴南区二圣镇集体村依托云林天乡景区，发展都市休闲观光农业，深入推进农文旅深度融合发展，通过打造油菜花、金鱼草等不同品种的四季高山花海主题景区，实现从过去苗木基地“卖苗木”到乡村旅游“卖景观”的转变，带动村民增收致富。新华社记者 黄伟 摄\n  海南省委各级领导干部带头，通过座谈会恳谈、下基层访谈、大数据平台梳理等方式，广泛听取群众对政绩观偏差问题的意见建议。海南组织省委巡视办、省审计厅、省财政厅等单位对纪检监察、巡视巡察、审计监督、财会监督、统计监督等反馈问题进行“大起底”，收集涉及政绩观偏差尚未完成整改或整改不彻底的问题，并及时反馈至相关责任单位。\n  云南省委组织开展专题调研，访谈部分州、县党政正职及省州县有关部门负责同志和党员群众，发放并回收调查问卷3000余份，广泛听取各方面意见建议。同时，迅速组建省级工作专班，完善运行机制，统筹推进学习教育。云南省级工作专班派出14个组，分赴云南16个州（市）及部分省级部门、高校、省属企业等调研，督促工作落实。\n  树立和践行正确政绩观，起决定性作用的是党性。陕西省委推动学习教育与深化开展高质量项目推进年、营商环境突破年、干部作风能力提升年“三个年”活动结合起来，全面提升服务群众、服务企业、服务基层质效。举办学习教育读书班，组织现职省级领导干部、省直部门单位主要负责人认真研读相关内容，开展专题研讨，增强开展学习教育的责任和担当。\n\n[IMG:http://www.chinapolicy.com.cn/upload_files/article/3/297_20260403170405_mppzr.jpg]\n\n  3月28日拍摄的汉中市南郑区阳春镇陈村的油菜花海（无人机照片）。新华社记者 邹竞一 摄\n  实干担当解民忧 用心办好民生实事\n  业绩都是干出来的，真干才能真出业绩、出真业绩。在重庆市北碚区，当地将“企业家接待日”作为学习教育的重要抓手，由区委、区政府等主要负责人牵头，每月轮流接待企业。活动中，企业家反映的生产经营、项目建设中的痛点难点及对区域发展的意见建议，责任部门及时跟踪督办、结果反馈，开展满意度评价，推动问题诉求办理形成闭环。学习教育开展以来，北碚区已接待企业9家，精准收集各类问题23件，其中6件办结销号，其余问题均纳入督办台账。\n  政绩观既体现在解决现实矛盾上，也体现在解决历史遗留问题上。一些地区将解决历史遗留问题作为践行正确政绩观的“试金石”。海南省海口市龙华区一回迁安置小区2289套住房因政策衔接不畅等原因，群众多年仍无法办理不动产权证书。当地坚持问题导向，全面启动不动产登记工作。目前，该回迁安置小区已办结印花税和契税137套，下证103套，剩余办证材料正陆续收件审核。\n  民心是最大的政治，为民造福是最大政绩。在云南红河、昭通，当地因地制宜打造“家门口的务工车间”，让群众赚钱顾家“两不误”，走出一条产业下沉、就业就近、增收稳定的民生发展新路子；在云南普洱市孟连县，牛油果产业推行“334”利益分配机制，将三成利润交到农户手中，通过合作社组织生产，依靠龙头企业开拓市场，实现了产业发展与农民增收的同频共振、利益共享。\n\n\n[IMG:http://www.chinapolicy.com.cn/upload_files/article/3/297_20260403170420_kjijd.jpg]\n\n  2026年3月17日，游客在云南省文山壮族苗族自治州广南县坝美景区游览（无人机照片）。近年来，当地深入挖掘坝美村农文旅融合发展潜力，一方面打造沉浸式旅游体验项目，让游客在欣赏自然风光的同时，感受壮乡传统农耕文化；另一方面景区积极吸纳本地村民就业，鼓励其因地制宜创业增收，推动农业与旅游业互促共进。新华社记者 彭奕凯 摄\n  陕西及时组建省委学习教育工作专班，对不同层级、不同领域、不同对象开展精准精细指导。因地制宜指导其立足职能职责和行业领域特点，准确把握政绩观偏差和错位的不同表现，有针对性地推进问题查摆和整改整治工作，增强学习教育实效。\n  建章立制固长效 推动整改常态化\n  管党治党越有效,经济社会发展的保障就越有力。各地在学习教育中坚持“当下改”与“长久立”相结合，着力在建章立制上下功夫，推动正确政绩观在思想上牢固树立、在实践中落地生根，为人民出政绩、以实干出政绩。\n  重庆市司法局将学习教育融入到推动严格规范公正文明执法工作中，从规范涉企行政执法入手，围绕违规异地执法、趋利性执法以及乱收费、乱罚款、乱检查等问题，开展集中整治。\n  聚焦海南自贸港封关后民生领域新需求，海南制定《海南省树立和践行正确政绩观学习教育“我为群众办实事”工作方案》，围绕群众期盼，深化解决物业服务领域突出问题，重点整治物业服务“质价不符”、侵占公共收益等。针对经营主体需求和发展堵点，推行海南自由贸易港政策直通服务，设立自贸港海关、税务、市场监管专席，政策咨询解答率达到100%。\n\n[IMG:http://www.chinapolicy.com.cn/upload_files/article/3/297_20260403170437_sq9wc.jpg]\n\n  2026年3月27日，海口美兰边检站执勤民警为入境旅客办理边检手续。新华社发（王羽 摄）\n  云南对标对表中央要求，紧密结合云南实际，制定学习教育实施方案，从学习研讨、查摆问题、整改整治、建章立制、开门教育等5个方面细化了14项具体工作任务，确保学习教育不泛化、不虚化。\n  陕西对过去已经曝光整改的政绩观偏差典型问题持续跟踪，举一反三深入查摆问题。县处级以上领导班子和领导干部正抓紧制定主要问题清单并按程序报审，对初步查摆出的问题，能立行立改的及时整改，对问题突出、一时难以解决的建立整改整治台账，细化制定整改措施、推动问题实质性解决。', '新闻动态', '2026-04-03', 'http://www.chinapolicy.com.cn/upload_files/article/3/297_20260403170452_axfe6.jpg', NULL, '统筹推进重点任务落实，促进各项事业协同发展。', '重要文件,需贯彻落实', '新华社', 6, NULL, '2026-04-12 17:51:51', '2026-04-13 13:14:44');
INSERT INTO `policies` VALUES ('af55285846633e7b6859c3894702ff85', '全国“最美拥军人物”孙嘉怿——步履不停，愿聚微光敬英烈', '[IMG:http://www.mod.gov.cn/gfbw/gfjy_index/xjdx/_attachment/2026/04/01/16452475_55d5bf5cbcd7eb3bc2bc0a64c6c4b47b.jpg]\n\n2025年3月，孙嘉怿在浙江农林大学开展英烈精神宣讲。\n\n清明节临近，家住浙江省宁波市的“我为烈士来寻亲”志愿者孙嘉怿愈发忙碌。\n\n摸排上海市安葬的浙江籍烈士名单、协助抗美援朝烈士闫守信的儿子闫振礼祭扫、准备纪念红军长征胜利90周年活动的宣讲课件……孙嘉怿的日程，排满志愿活动。“希望能抓紧时间多为弘扬英烈精神做点事情。”孙嘉怿说。\n\n言与行契，心与迹同。2006年以来，孙嘉怿和志愿者团队足迹遍布25个省份，收集整理700多处烈士纪念设施的3万多条信息，帮助1600多位烈士找到家人。\n\n她还先后发起“我为烈士修遗物”“英烈故事我来讲”等志愿活动，助力形成崇尚英雄烈士、弘扬英烈精神的社会氛围。2023年，孙嘉怿获评全国“最美拥军人物”。\n\n近日，记者走近孙嘉怿，聆听她二十年如一日为烈士奔走的点滴故事，感受那份浓厚真挚的家国情怀。\n\n“我为烈士来寻亲”\n\n照亮回家的路途\n\n[IMG:http://www.mod.gov.cn/gfbw/gfjy_index/xjdx/_attachment/2026/04/01/16452475_6617c13fa3e6e0e6f91b9ea94877f64a.jpg]\n\n2024年10月，浙江籍烈士华文醉牺牲74年后，家属在烈士墓碑前拍摄的特殊“全家福”。\n\n一个人花费极大的精力去做一件事情，一定有相应的思想动因。“我的思想动因，可能来自骨子里对军人的崇敬。”孙嘉怿说。\n\n1985年，孙嘉怿出生在宁波市的一个军人家庭。爷爷参加过抗日战争，外公是抗美援朝老兵，父亲曾在海军某部服役。她从小听着革命故事长大，对军人有天然的感情。\n\n2006年，孙嘉怿和朋友一起参加金华市举办的“收集抗日老兵手印”志愿活动。看到老兵手上硬硬的老茧和一道道伤疤，孙嘉怿深受触动：“这些都是握过钢枪的手！老兵曾为国家付出那么多，我必须为他们做些什么。”\n\n从此，孙嘉怿主动和老兵结对，经常前去看望，陪他们聊天，听他们讲述战斗故事。从老兵们的讲述中，孙嘉怿对英烈有了更深刻的认识。2012年，当她和新婚丈夫筹备蜜月旅行时，他们作出一个与众不同的安排——赴云南边境地区烈士陵园。\n\n“我们第一次看到漫山遍野的墓碑，内心受到巨大震撼。”孙嘉怿回忆，“很多墓碑上仅有烈士姓名，没有籍贯，也没有亲人信息，许多烈士牺牲时只有20多岁，和我差不多的年纪。”\n\n“他会是谁的儿子？亲人知道他在这里吗？我能为他们做些什么？”返程路上，这些念头萦绕在孙嘉怿心头，“一代代人正在老去，现在不为烈士寻亲，时间越久，就越难找到了。”\n\n2017年，孙嘉怿结识了烈士后代黄军平。黄军平曾辗转前往朝鲜，寻找大伯黄建国的安葬地，可惜未能如愿。后来，他把遗憾和思念压在心底，转而帮助更多烈士寻亲。为帮助黄军平，孙嘉怿在网络平台发起“我为烈士来寻亲”话题，号召更多人提供英烈的信息线索。\n\n很快，安徽省太和县烈士王心恒的侄子王志宝联系到孙嘉怿。王心恒于1949年在解放宁波的战斗中牺牲，不知葬于何处。王志宝想请求孙嘉怿帮助寻找，她二话不说便答应了。\n\n为找到烈士安葬地，孙嘉怿走遍宁波市的烈士陵园。两周后，终于在樟村四明山革命烈士陵园找到王心恒烈士的墓碑。孙嘉怿至今记得她给王志宝打电话时的情景：“电话那头，传来‘终于找到了’的喊声，随之就是‘哇——’的哭声。”\n\n为烈士寻亲是一项大工程，渐渐地，孙嘉怿的身边有了越来越多的同行者。志愿者团队也由最初的几个人，发展到现在的400余人，构建起省、市、县三级寻亲网络，先后帮助1600多位烈士找到家人。“战争年代，许多烈士被埋葬在偏远的山村甚至荒地，我们需要‘下探’，打通为烈士寻亲的‘最后一公里’。”孙嘉怿说。\n\n“我为烈士修遗物”\n\n记住他们的模样\n\n[IMG:http://www.mod.gov.cn/gfbw/gfjy_index/xjdx/_attachment/2026/04/01/16452475_c9eadc380bca87794d3ac569a0bf05d9.jpg]\n\n2025年3月，河南许昌籍烈士袁松鹤的遗物修复完成，“我为烈士修遗物”志愿者将遗物交还给烈士家属。\n\n寻亲的脚步走得越远，孙嘉怿心中的一份痛惜便越重——她见过太多烈属捧着烈士模糊的旧照落泪，见过战地家书在岁月流逝中变得残缺，那些承载思念的物件，正在慢慢失去原本的模样。\n\n“英烈们用生命换来山河无恙，我们要为他们留住容颜、守住回忆，让后人知道，他们曾是怎样的鲜活模样。”2021年，带着这份心愿，孙嘉怿牵头组建烈士遗物修复小组，并联系各地退役军人事务局、村委会、烈士陵园等，征集待修复烈士遗物。\n\n回忆起河南籍烈士袁松鹤战地家书的修复过程，孙嘉怿神色凝重：“这封家书是烈属最珍贵的念想，交到我们手上时，纸页泛黄发脆，一折就可能碎掉，多处字迹已经模糊难辨。”\n\n烈士遗物修复小组坚持“修旧如旧、恢复原样”原则，对信件进行除尘、展平、脱酸加固，用与原纸质地相近的补纸对破损处进行托裱修补，还原书信原貌。\n\n经过数十天努力，修复好的战地家书被送回烈属手中。“袁松鹤烈士的女儿袁秋霞的手掌抚过清晰的字迹，反复念叨‘看到了，是他的字，我记得’。”孙嘉怿说，老人泪水在眼底打转，却强忍热泪、生怕沾湿书信，在她的脑海中挥之不去。\n\n“为烈士修复照片、书信等遗物，不仅是保留烈士存在过的痕迹，更是为亲人留下一份念想，让后来人的缅怀有载体。”孙嘉怿感慨道。\n\n2022年盛夏，“我为烈士来寻亲”志愿者在寻访烈属时偶然发现一张“英雄冰雕连”烈士武洪忠的二寸黑白单人照。“这张照片，是我们找到的该连烈士的唯一一张单人照。所有人都如获至宝，小心翼翼地收好照片。”孙嘉怿说。\n\n烈士遗物修复小组成员将照片进行修复扩印。后来，经武洪忠烈士家人同意，这张照片的原件被陆军某旅“英雄冰雕连”连队荣誉室收藏，成为激励官兵建功军营的宝贵精神财富。\n\n“目前小组已经修复完成烈士遗像1200多张、烈士遗物100多件。实际上，需要修复的遗物还有很多。这些物品承载着情感、记忆和嘱托，延续着几代人的追求与思念。”孙嘉怿说，修复遗物既是对烈士及后人的告慰，更是对英烈精神的传承。\n\n“英烈故事我来讲”\n\n守住未来的希望\n\n[IMG:http://www.mod.gov.cn/gfbw/gfjy_index/xjdx/_attachment/2026/04/01/16452475_00dd928efe156530f6f78db72a2d84c0.jpg]\n\n2024年12月，“我为烈士来寻亲”志愿者在淮海战役烈士纪念塔前合影。\n\n在孙嘉怿看来，为烈士寻亲、修复遗物，是守住过往的记忆；把英烈的故事讲出来，让英烈精神代代相传，则是守住未来的希望。\n\n这个想法源于一次经历。一天，孙嘉怿在陵园抄写墓碑上的资料，正巧碰到一个小男孩。男孩好奇地问：“你为什么抄这个？这个人怎么死的？”直白的提问，让孙嘉怿意识到，要想让孩子们崇敬英烈，首先要让他们了解英烈的故事。否则，英雄的名字对他们来说，只是一串符号。\n\n为让更多人了解和铭记英烈事迹，孙嘉怿和志愿者们发起“英烈故事我来讲”志愿活动。\n\n很快，一支由退役军人、教育工作者、优秀青年等组成的宣讲队伍应运而生。团队成员结合自身优势开展宣讲：头发花白的老兵，以亲身经历讲述烽火岁月；学识深厚的教师，用专业视角解读英烈精神；朝气蓬勃的青年，把英烈精神具象化为生动鲜活的故事……\n\n为让宣讲更接地气、入人心，宣讲队成员不断创新宣讲形式：打造“互动式”暖阳课堂，让听众主动提问、分享感受；组织“沉浸式”体验活动，带着大家走进革命旧址，感受峥嵘岁月；把宣讲视频上传至网络，让英烈故事突破地域时空限制，传播得更广更远。\n\n“最近我们创作了以浙江籍革命烈士李敏为原型和发扬大陈岛垦荒精神的两个剧本。”26岁的李昌洲，是宣讲队伍里的新生力量。他和几名志愿者创新打造年轻人喜欢的“沉浸式”红色体验剧本，增强英烈故事的感染力吸引力。\n\n“他们的宣讲不是单向的灌输，而是带着温度的分享。”宁波市中原小学少先队大队辅导员董二毓评价道，“电影《长津湖》热映时，孙嘉怿结合电影中的人物，到学校讲了不少好故事。”\n\n“3个土豆”的故事，让学生们印象深刻——电影中雷公的原型之一山东沂蒙人庄元东，在长津湖战役期间，任志愿军第27军80师239团2营4连指导员。他牺牲前没吃上一顿热饭，3天只吃了3个冻得比石头还硬的土豆。每次吃冻土豆的时候，他都先揣到怀里焐着，软化一层啃一层。\n\n这次宣讲还有一个后续故事。庄元东侄子的孙子将这件事写进作文，老师看到后非常感动，立刻联系到他的家长并上报学校。学校将这个孩子所在的少先队中队命名为“庄元东英雄中队”，号召大家一起向英雄学习。\n\n2020年以来，为弘扬英烈精神，孙嘉怿还将寻亲故事制成课件，走进全国多所中小学校宣讲150多场次。\n\n采访接近尾声，孙嘉怿的手机再次响起，新的寻亲求助、修复委托、宣讲邀请接踵而至。“你又该出发了。”记者说。“幸运的是，我不必一次次出发，因为我一直在路上。”孙嘉怿笑着说。\n\n此刻，一缕阳光透过窗户，洒在孙嘉怿的脸上。“一束光芒或许微弱，但千万束微光汇聚，便能照亮英烈回家的路，温暖我们的精神家园。”她动情地说。\n\n“一个字都不能打错”\n\n■“我为烈士来寻亲”志愿者 黄妍丽\n\n成为“我为烈士来寻亲”志愿者后，我的第一项工作，便是将烈士名单逐一录入电子表格，再将其与中华英烈网及抗美援朝纪念馆的英烈数据库进行双向比对，核对烈士的身份、户籍资料，最终确定烈士准确的个人信息。\n\n每用键盘敲击下一个字，我都格外谨慎。寻亲群里那句“打错一个字，烈士可能就找不到家了”，时刻警醒着我。\n\n整理过程中，我常常习惯将未查到相关信息的名字标注为黄色。一番整理下来，屏幕上大片刺眼的黄，让我眼睛发酸。那一刻，我暗下决心：一定要帮这些烈士找到回家的路。\n\n2023年底，我们从抗美援朝老兵吴无畏口中得知，他的战友吴建雄，17岁时从上海孤儿院参军，在抗美援朝战场上牺牲。“他无儿无女，也没有其他亲人。倘若我们不记得，这个世界上就没有人记得他了。”吴爷爷的话，字字千钧。\n\n英雄，不该被遗忘。2024年初，经过多方奔走，我们在沈阳抗美援朝烈士陵园的英名墙上，找到了“吴建雄”。随后，媒体刊发报道《吴建雄烈士，您的名字上新闻了……》。那一刻，吴建雄这个名字，不再只镌刻在老战友的记忆里，而是被更多人记在心上。\n\n我只是一个普通的志愿者，能做的不过是尽一份绵薄之力。但我坚信，当千千万万个平凡的你我并肩前行，那些滚烫的名字，终将穿越时空，永远熠熠生辉。\n\n一家人接大伯“回家”\n\n■李松福烈士亲属 李建平\n\n[IMG:http://www.mod.gov.cn/gfbw/gfjy_index/xjdx/_attachment/2026/04/01/16452475_16556cd77c84d012d60764103e8ae94e.jpg]\n\n2025年清明节，在浙江省宁波市樟村四明山革命烈士陵园，孙嘉怿带领小学生为无名烈士墓描红。\n\n我的大伯李松福，浙江慈溪人。1944年入伍，曾任华东野战军第一纵队七团七连政治指导员，1949年在淮海战役中牺牲。\n\n这寥寥数语，却是家族几代人拼尽全力拼凑出的全部信息。几十年来，家人只知道他为国捐躯，却始终不知其长眠之地。寻找大伯成为我们李家三代人的夙愿。\n\n奶奶弥留之际，攥着家人的手反复叮嘱：“一定要把福儿接回家。”父亲接过这份沉甸甸的牵挂，奔波数载无果而终。最终，这根寻亲的接力棒传到我的手中。我暗暗发誓：无论多难，绝不言弃，一定要带大伯回家。\n\n转机出现在2017年春节前夕。我的儿子李子麟在一次志愿活动中，偶遇孙嘉怿。了解情况后，她欣然应允，帮助查阅资料，多方奔走寻找。\n\n寻找之路并不顺利，可孙嘉怿没有放弃。一次偶然的机会，她在淮海战役牺牲烈士的档案名单中，看到大伯的名字——李松福，牺牲于攻打朱小庄的战斗，被纵队授予“华东三级人民英雄”荣誉称号。随后，她依托淮海战役纪念馆的丰富史料，顺藤摸瓜，为我们找到准确地点：大伯与战友们合葬于河南永城淮海战役陈官庄烈士陵园。\n\n消息传来，我们全家立刻驱车赶往河南。在大伯的安息地，我们依照家乡习俗，取墓地周围的一抔黄土，接回浙江慈溪，安放到慈湖烈士陵园。安顿好大伯，我来到奶奶和父亲的墓前祭拜：我终于把大伯接回家，你们可以安息了。\n\n（照片由受访者提供）', '先进典型', '2026-04-01', 'http://www.mod.gov.cn/gfbw/gfjy_index/xjdx/_attachment/2026/04/01/16452475_00dd928efe156530f6f78db72a2d84c0.jpg', NULL, '坚持问题导向，强化责任担当，推动高质量发展迈上新台阶。', '民生保障,服务群众', '中国国防报', 2, NULL, '2026-04-13 12:38:22', '2026-04-13 13:18:20');
INSERT INTO `policies` VALUES ('c0b38e27d5cbeaceea7514285b0ee4b9', '【二十大代表风采录】李群：与病毒赛跑的疾控人', '2022年8月，突如其来的疫情给正值旅游旺季的三亚笼上了一层阴霾。三亚市天涯区是此次疫情最严重的区域，李群每天都要顶着40多度的高温进出隔离区四五次，而这样的工作强度已是他的日常。在此之前，他刚刚驰援甘肃，回北京隔离结束就马不停蹄赶赴三亚。\n　　2019年底，新冠肺炎突然袭来。生命重于泰山，人民利益高于一切。李群第一时间随中国疾控中心工作组赶赴武汉，迅速组织成立流行病学调查组，带领122名中心队员深入疫情严重区县开展现场调研。\n　　在抗击新冠疫情最焦灼的时期，李群身为一名党员深切体会到，只有充分发挥党支部战斗堡垒作用，才能最大限度地团结队员，迎难而上。在大家的不懈努力下，武汉疫情终于迎来了拐点。\n　　应急工作的最大特点是事件的“突发性”和应对的“紧急性”。疫情就是命令，灾情就是冲锋号，时间就是生命。2020年9月，接到命令的李群即刻出发前往福建莆田协助流调。李群深知流调队扮演着打响“战疫”第一枪的角色，是跑赢病毒的关键。他迅速了解相关情况，即刻进入工作状态，4小时提交核心信息、24小时内完成流调报告的任务最终得以完成。\n\n[IMG:https://p5.img.cctvpic.com/photoworkspace/contentimg/2022/12/14/2022121421551133611.png]\n\n　　从SARS（重症急性呼吸综合征）、甲流等重大疫情防控处置，到汶川地震、玉树地震等重大自然灾害应对，再到北京奥运会、G20杭州峰会等重大活动卫生保障，在重大事件应对过程中，李群用自身行动诠释人民至上、生命至上的理念，忠于职守、甘于奉献，出色地完成了各项突发事件应对任务。', '先进典型', '2022-02-12', 'https://p1.img.cctvpic.com/photoAlbum/page/performance/img/2022/12/15/1671109303701_817.jpg', 'https://dh5.cntv.qcloudcdn.com/asp/h5e/hls/main/0303000a/3/default/86a3b7a169a34c1f87d2cfbc5f55bf77/main.m3u8?maxbr=2048&contentid=15120519184043\"', '着力加强制度建设和工作创新，确保各项工作取得实效。', '责任落实,监督考核', '新华社', 10, NULL, '2026-04-12 18:19:35', '2026-04-13 13:17:18');
INSERT INTO `policies` VALUES ('cfc4cbf4f0998a1c53eddafeee27a00d', '军营观察丨96岁老军医：用有限的生命去做更多的工作', '96岁老军医：我用AI做了个PPT\n\n■刘峰松  解放军报特约记者  崔寒凝\n\n河北石家庄，白求恩国际和平医院眼科会议室，一场授课刚刚结束。满头白发的老军医与风华正茂的年轻医生酣畅淋漓地交流着前沿问题。\n\n老人叫刘世钺，今年96岁，是白求恩国际和平医院眼科原主任，现在是河北省军区石家庄第二离职干部休养所离休干部。\n\n“我这个PPT是用AI软件做的，大家也可以学着做。”刘世钺向后辈展示着他使用的PPT，“先说明白要求，如颜色、样式、用途，然后把内容输入进去，就能得出一个60分的PPT了，再进一步修改完善即可。你看，这样就出来了。”看到新鲜出炉的PPT，老人露出了孩子一样的笑容。\n\n过去，刘世钺做一个PPT需要一两天时间，现在用AI软件差不多半小时就能制作完成。\n\n“AI软件输出很简单，时间主要耗费在核对和修改上。你看这张就错行了，专业英语名词没有显示出来，还要再查一下资料。”刘世钺说，“学术工作一定要严谨，不能出错！”\n\n使用AI做PPT，只是刘世钺最近的学习成果之一。1994年离休后，他持续关注眼科领域的发展，坚持学习新知识。学习英语、日语，使用平板电脑，关注人工智能发展……在他眼里，“一切对医疗有帮助的技能技术”都要学习。\n\n“科学在进步，我也要跟上时代发展。”刘世钺介绍说，人工智能技术对病因的分析、诊疗的预后都有很大帮助。学会这些，也许能造福更多患者。\n\n自从学会了使用平板电脑，查阅文献更加方便，刘世钺的学习任务又重了许多。最近，他开始利用碎片化的时间复习眼科专业英语词汇。\n\n“VA是什么意思？”刘世钺指着纸上的字母说，“它是‘Visual Acuity’的缩写，是视力的意思。如果不懂缩写，是看不懂英文文献的。”\n\n说着，他拿出平板电脑，翻出自己最近学习的英文文献并开始介绍其中的重点内容。这些年，他经常给年轻医生推荐影响因子高的文献，邀请他们一同讨论交流学术心得。\n\n“感觉刘老的学习能力比我们强，他主动去学日语、学英语，钻研文献，还为我们想课题。”眼科医生宋宏鲁感慨。\n\n两年前，刘世钺将他制作的893张幻灯片、117份课件、200余幅图文资料、30万字的工作体会和学习笔记，一同捐赠给了医院。\n\n这些厚厚的笔记，是刘世钺不断学习、刻苦钻研的见证。从基础理论到诊断方法，从手术细节到用药规范，他一笔一画详细记录。\n\n“我想用有限的生命去做更多的工作，去回报党，回报国家和军队。”刘世钺说。\n\n延续30年的考核\n\n■陈江文  张彬楠  解放军报特约记者  崔寒凝\n[IMG:http://www.mod.gov.cn/gfbw/gfjy_index/xjdx/_attachment/2026/02/09/16441822_bfe15a6f2dddbe9e84f5f2590cde1b83.jpg]\n      刘世钺为患者诊断。\n[IMG:http://www.mod.gov.cn/gfbw/gfjy_index/xjdx/_attachment/2026/02/09/16441822_265d973b6bd86a8771c1b3bc9be2f43f.jpg]\n  刘世钺（中）开展临床教学，摄于1964年。资料图片\n\n“刘老马上到了，赶紧坐好。”白求恩国际和平医院眼科护士长张丽芝一边整理着考核资料，一边催促着医护们入场。\n\n话音刚落，会议室门被缓缓推开，96岁的刘世钺在工作人员的搀扶下走了进来。他是河北省军区石家庄第二离职干部休养所离休干部，也是眼科原主任。\n\n“新的一年，该考考大家的真本事，可不能松懈。”刘世钺的声音略带沙哑，却中气十足。他慢慢走到会议桌主位坐下，小心翼翼地从随身的布包里拿出一沓厚厚的稿纸。\n\n这是刘世钺第30年组织业务考核。\n\n“今年的考题，我结合了最新的临床案例，还有一些基础理论重点。”刘世钺翻开稿纸，缓缓说道，“咱们做眼科医生的，一招一式都关乎病人的光明和健康，技术必须过硬，责任必须扛牢。”\n\n“我们特别敬畏刘主任，每次他提的问题都很难回答。”医生宋宏鲁说，他来到科室第一次考核就被“问倒”了，当时“脸都红了”。\n\n“问倒”年轻医生，并不是刘世钺的目的。针对一些年轻医生容易混淆的知识点，刘世钺特地开班辅导，为他们答疑解惑，直到把大家教会为止。\n\n“刘主任的较真，我深有体会。”护士长张丽芝说，“8年前，刘主任为了让我分清上眼皮上的‘皮样囊肿’和‘表皮样囊肿’，边画图边解释，足足给我讲了一中午。”回忆起往事，张丽芝还翻出了刘世钺画的示意图，上面一笔一画非常细致。\n\n“看，这张幻灯片里面的图就是刘老手绘的。”张丽芝指着一张幻灯片介绍，刘世钺对待工作和教学特别认真，他用手绘的方式，将复杂的眼部病变描绘在图纸上制成幻灯片，详细记录了各种典型病例。\n\n交流授课时，年轻医生常会被幻灯片中丰富的内容和紧贴临床病例生动的讲解所吸引。“年轻人是医疗事业的未来，是党和人民健康的希望，我要把自己的经验传下去，帮他们把好关。”刘世钺说。\n\n自1994年离休后，刘世钺开始义务出诊。他对年轻医生的帮带指导，从未松懈。\n\n看到医院里年轻医护人员渴望学习却缺乏系统考核的情况，刘世钺主动组织业务考核，亲自出题、阅卷，为科室医护人员建立了“成长档案”，还为他们答疑解惑。\n\n每年年末，刘世钺都会提前两个月开始准备考题。为了让考题贴合临床实际，他坚持阅读最新的医学期刊，关注眼科领域的前沿进展。为了确保考题的严谨性，他反复推敲每一个知识点，手写修改很多遍。遇到不确定的内容，他会主动打电话向同行请教，虚心学习新知识。\n\n“疫情期间，刘老不能亲自到科室考核，就把题目通过手机发给大家。做完后，他还要判卷，纠正问题，非常认真。”眼科主任靳韬说。\n\n“您都96岁了，还这么辛苦地工作，图什么呢？”记者问他。\n\n“我入党80年，参军88年，从入党那天起，我就发誓要为党和人民奋斗终身。只要我还能动，还能思考，就要为党工作一天，为医疗事业贡献一份力量，这样我的人生才有意义。”刘世钺说。\n\n8岁从军，参加抗战，一步步成长为眼科主任、教授，刘世钺始终铭记党的培养与恩情。\n\n“我记得父亲曾给我讲过，1949年初，他去太原前线，顶着炮火，穿梭在战壕里抢救伤员。”刘世钺的儿子刘焰回忆说，战斗中，看着身边的战友一个个倒下，刘世钺依然坚守在救治伤员的一线。“手术刀，就是医生的武器。”刘世钺说。\n\n2025年9月3日，刘世钺受邀观看纪念中国人民抗日战争暨世界反法西斯战争胜利80周年阅兵。站在天安门观礼台上，他向徒步方队的官兵敬礼，向大国重器敬礼，也向广场上飘扬的国旗敬礼。“为什么我的眼里常含泪水？因为我对这土地爱得深沉。”刘世钺说。\n\n在天安门城楼上，习主席同刘世钺和另外5位抗战老战士一一握手。“我是替抗战老兵接受主席的接见。”刘世钺说，为了主席的嘱托，为了牺牲的战友们，为了热爱的事业，他要继续坚守岗位，发光发热。\n\n一次坚守，终生坚守。\n\n“你们不要把我当古董，你们要拿我当一挺机关枪用。”白求恩的这句话，刘世钺一直挂在嘴边。\n\n20世纪80年代，刘世钺已经是国内知名的眼科专家，不少私立医院开出高薪聘请他，都被他一一拒绝。\n\n“我是党培养起来的医生，我的技术是党和人民给的，怎么能只顾个人利益？”刘世钺始终坚守在医院的岗位上，深耕临床、带教新人，还常常深入偏远山区，为贫困群众免费看病。\n\n医院组建医疗队，刘世钺毅然挑起队长重担，奔赴石家庄赞皇山区开展医疗扶贫。他们在村民家里支起简易的手术台，为千余名山区百姓实施了眼科手术。\n\n“只要病人开心了，我就开心。”刘世钺说。\n\n对病患极端热忱，对工作极端负责。这是《纪念白求恩》一文中，刘世钺记忆最深刻的一句话。\n\n1973年，河北省正定县的一名患者杨丙仁急需进行角膜移植手术。眼科手术就像是“针尖上跳舞，麦芒上绣花”，不能有一分一毫的差池。当时连最基本的手术显微镜都没有，刘世钺硬是凭着肉眼和丰富经验，用了两个多小时，把健康角膜缝合到杨丙仁的眼睛上。\n\n“医生一刀子，病人一辈子。”2017年，杨丙仁在报纸上看到了刘世钺退休不退岗，仍然坚守岗位的新闻。已经80多岁的他激动不已，专程跑到医院看望刘世钺。\n\n距离当时那场手术，已经过去了44年。此时，杨丙仁84岁，刘世钺87岁。杨丙仁眼中的角膜依然透亮、清晰，刘世钺仍坚守在工作岗位上。\n\n“只要组织需要我，科室需要我，我的人生就有意义。”刘世钺说，“人的一生有许多场考试，我希望我是一个合格的应考生。”\n\n本该是安享晚年的年纪，刘世钺依然保持着规律的作息。每天清晨，他都会早早起床，读书看报、学习党的最新理论政策。上午，他会整理医学资料，制作PPT讲稿。下午，他常常接待前来请教的年轻医护人员，耐心解答他们的疑问，分享自己的临床经验。\n\n夕阳西下，考核结束，正当科室医生准备搀扶刘世钺回去时，他突然对大家说：“我希望科室能够多给我一点任务。”\n\n夕阳洒在白发苍苍的老军医身上，也照亮了他身后的宣传语——\n\n“一名党员，一面旗帜”。\n\n10年“追踪报道”\n\n■陈江文\n\n[IMG:http://www.mod.gov.cn/gfbw/gfjy_index/xjdx/_attachment/2026/02/09/16441822_0ad60b137747e28778938b1b2a17b067.jpg]\n刘世钺在医师节宣誓。资料图片\n\n10年前，第一次见到刘世钺主任时，我刚调入医院工作不久。他“八岁从戎、离而不休、行医为民、一生挚爱”的人生底色，闪耀着党性光辉和人性温暖，令我肃然起敬。从2016年开始，我联系媒体将刘老的事迹推向公众视野。\n\n刘老从一名八路军战士成长为眼科主任、教授，离休后，在医院眼科义务出诊。\n\n我曾问他：“为什么对医生的岗位这么执着？”\n\n“不为别的，我是参加过战争的军医，那么多战友死了，我活了，我要对得起死在我面前的战友们！”刘老说，“我经历过的战争比电影镜头惨烈100倍！”\n\n媒体的评价是：刘老的经历，“触人心弦、让人泪目”。\n\n后来，我调离医院，到山西工作。临行前，我一再嘱咐单位同事照顾好刘老的身体，拜托媒体追踪好刘老的事迹。\n\n短暂别离，相聚更亲。4年后，我再见刘老，90多岁的他，活出了“90后”的活力。时间在他身上留下痕迹，但他依旧自律，学理论、学英语、学唱歌，练钢琴、看文献、讲传统、带学生……他的日程总是那么满，生活充满阳光。\n\n生命的余热，刘老恨不得一股脑都给病人、科室和事业。2025年，95岁的刘老再次“请愿”，要求重返医疗岗位。\n\n一个好医生，眼里看的是病，心里想的是人。刘老心里放不下的是病人，始终惦记的是年轻医生和他们的技术。这些年来，刘老对科室医护人员的帮带和关爱从未停止。\n\n满腔的热诚、年轻的灵魂，感动了我们这群身边人，也感动了更多人。2025年，刘老的事迹被媒体广泛关注报道，累计阅读量突破3亿。刘老荣获“中国好人”和“燕赵楷模”称号，在天安门观礼纪念中国人民抗日战争暨世界反法西斯战争胜利80周年阅兵，定格了属于人民军医的荣光。\n\n“党员就要发挥带头作用。”这是刘老常说的一句话。一名党员，就是一面旗帜。刘老教给年轻同志的，不仅是医术，更是在教大家像白求恩那样，做一个高尚的人，纯粹的人，有道德的人，脱离了低级趣味的人，有益于人民的人。\n\n10年追踪报道，让刘世钺的医者仁心广为人知。在新时代新征程上，他的精神必将感召更多的官兵投身强军伟业，催生出更多的“白求恩式好医生”，为打好实现建军一百年奋斗目标攻坚战贡献力量。\n\n3封“请愿信”\n\n■张丽芝\n\n1997年，我到医院眼科工作。那时候我才19岁，是刘世钺老主任带着入门的年轻护士。\n\n刘老给我的印象是既亲切又专业。他对待专业非常认真，经常利用晨会、学习等时机随机提问身边的年轻同事专业问题。令我敬佩的是，刘老对工作的无比热爱。我印象最深刻的，是刘老的3封“请愿信”。\n\n自1994年离休后，刘老就一直在眼科义务出诊。2016年，医院出于爱护，计划安排70岁以上的离退休老干部不再出诊。得知消息后，刘老亲手写了一封“请愿信”，委托我们“一定转交给医院领导”。\n\n信中写道：“我在医院已生活68年，非常热爱医院，非常热爱眼科专业，我今年虽已80多岁，但我仍有为党工作的能力，我能完成门诊诊疗工作，能讲课，能带学生，能跟眼科同志们一块学习进步，出眼科专家门诊……”\n\n医院领导也被刘老的坚持所感动，批准刘老继续出诊。\n\n回到热爱的工作岗位后，刘老继续参加学习，带教学生，还定期分享临床经验和学术理论。\n\n2021年，医院考虑到刘老已经90多岁，劝他休息，他又写了第二封“请愿信”。信中写道：“我恳求医院允许我继续为党做点工作，并和年轻同志们互相学习，这是我最快乐的事。”\n\n疫情期间，医院为保证刘老安全，暂停其出诊。2025年，刘老再一次上交了“请愿信”——\n\n“目前疫情平稳，如果科里工作需要，我还可以完成部分门诊工作。可否再出诊，请指示！”\n\n3封“请愿信”，不但是刘老勇担新时代医者使命的见证，更是红色革命精神的体现，已经成为我们科室和医院开展政治教育的生动教材。\n\n（崔寒凝整理）', '先进典型', '2026-02-09', 'http://www.mod.gov.cn/gfbw/gfjy_index/xjdx/_attachment/2026/02/09/16441822_bfe15a6f2dddbe9e84f5f2590cde1b83.jpg', 'http://www.mod.gov.cn/gfbw/gfjy_index/xjdx/_attachment/2026/02/09/16441822_f658a228abcd224a714b3cb8c9226c01.mp4', '坚持问题导向，强化责任担当，推动高质量发展迈上新台阶。', '工作部署,全面推进', '解放军报', 6, NULL, '2026-04-13 12:46:05', '2026-04-13 13:16:52');
INSERT INTO `policies` VALUES ('f1ed237321b51a32378f6f33478c6ba8', '习近平主席贺信激励中美各界人士共同拉紧友谊纽带', '4月10日，习近平主席向中美“乒乓外交”55周年纪念大会暨中美青少年体育交流系列活动启动仪式致贺信，高度评价“乒乓外交”的历史和现实意义，鼓励两国各界人士特别是青年一代相知相亲、携手前行，为两国关系注入强大动力和温暖能量。习近平主席的贺信在中美各界人士中引发热烈反响。\n　　习近平主席在贺信中指出，55年前，中美老一辈领导人以卓越的政治智慧和战略远见，重新开启两国人民友好往来的大门，成就了“小球转动大球”的历史佳话。今天，两国青少年再续“乒乓情缘”，开展体育交流系列活动，对于推进中美友好事业很有意义。习近平主席的贺信让出席活动的中美各界人士备受鼓舞。\n　　\n[IMG:https://inews.gtimg.com/om_bt/O5EwOsHJ7mBXn6sI97cyoWp3B1sPIgAQ5sAoTrU-6gOq0AA/641]\n\n　　1972年访美中国乒乓球代表团成员 郑敏之：习主席鼓励我们要把中美人民的友谊要延续下去，更鼓励我们，我们要把接力棒传给更多的年轻人，我们一定要继续为中美友谊作贡献。\n　　\n[IMG:https://inews.gtimg.com/om_bt/O_iJ3fACzW4C9Fe-qwLoxI27evVjBt3x_lJJ1OxgqBjaYAA/641]\n\n　　1971年美国乒乓球队访华团成员 朱迪·霍夫罗斯特：习主席强调中美关系的根基由人民浇筑，这一点我深有感触。在当下，相互理解与对话比任何时候都更加重要，我也希望我们能将“乒乓外交”精神继续传承，在两国人民间传递温情，增进理解。\n　　\n[IMG:https://inews.gtimg.com/om_bt/Oa239XBY3kt_R-r6xDw64t3Dl1A4CPf9RJn8doMfQ3vGEAA/641]\n\n　　美国华盛顿州塔科马市林肯中学老师 沙尔斯·杰科姆：2015年时，习近平主席到访我们的学校，还送给我们乒乓球桌，这给很多人留下了珍贵回忆。在我看来，只有持续开展文化交流，才能不断巩固两国纽带，习主席的贺信也让我更加坚定了继续做一名美中交流使者的信心。\n　　\n[IMG:https://inews.gtimg.com/om_bt/OwDZiGZV4DkJYiZ2XxILY01UNMhj_dyO0Sz91wRzBCBjUAA/641]\n\n\n　　中国人民对外友好协会副会长 沈昕：总书记在贺信中强调了“乒乓外交”的现实和历史意义，特别鼓励两国的青年一代他们要相知相亲、携手同行，这对中美两国的民间交往是一个巨大的推动，也注入了温暖的能量。\n　　习近平主席强调，希望两国各界人士特别是青年一代从历史中汲取智慧和力量，在交流合作中相知相亲，在互学互鉴中携手前行。大家表示，在中美关系关键节点，习近平主席为中美两国的战略选择和世界格局的演进方向提供了指引。\n　　\n[IMG:https://inews.gtimg.com/om_bt/O64QRZ-S31Y1Tmx2PWdCWtCcZHmolss2VHc0UCy4hEcEEAA/641]\n\n　　美国住房与社区协会主席 肯特·沃特金斯：我希望正如习主席所期待的，两国能够传承“乒乓外交”的精神，像乒乓球运动员一样良性竞技，在彼此尊重的基础上共享发展机遇，在面对全新的全球性挑战时，共同发挥卓越引领作用。\n　　\n[IMG:https://inews.gtimg.com/om_bt/OeFLeCgX2FPxB0EHRIMxuPAMBRbzwKOX-lXSH8_S4KLSQAA/641]\n\n　　中央广播电视总台体育青少节目中心记者 毕然：作为中央广播电视总台的一名体育记者，我们将牢记总书记嘱托，立足本职岗位，充分发挥体育传播优势，以更加生动鲜活的报道讲好中美体育交流故事，推动“乒乓外交”精神在新时代不断传承，焕发新的时代光彩，为促进中美关系稳定、健康、可持续发展贡献媒体力量。\n　　\n[IMG:https://inews.gtimg.com/om_bt/OTq3wQIJW3BGvr2OVhGtwO2XNXpA3hsx0qhgC4GiwMGDcAA/641]\n\n　　北京大学计算机学院博士生导师 仉尚航：总书记寄语青年一代从历史中汲取智慧和力量，在互助互鉴中携手前进。我们将践行总书记的重要指示精神，在体育科技领域推动中外学术交流和知识共享，为增进中外友谊作出我们新的贡献。\n　　\n[IMG:https://inews.gtimg.com/om_bt/OFzkaKNuuZvkuR1sXozUASq-GyTZT-VMXxeqBPzzM_GqAAA/641]\n\n　　美国华盛顿州塔科马市林肯中学学生 安东尼：习主席的贺信给我们传递了一个强有力的信息，让我们坚信彼此学习、相互理解就能让人心贴得更近。我要把我亲身体验所经历的一切，把我看到的真实的、充满活力的中国，讲给我家乡的朋友们听。', '新闻动态', '2026-04-11', 'https://inews.gtimg.com/om_bt/O5EwOsHJ7mBXn6sI97cyoWp3B1sPIgAQ5sAoTrU-6gOq0AA/641', 'https://v6.huanqiucdn.cn/4394989evodtranscq1500012236/b7e43af85145403723117195036/v.f100830.mp4', '着力加强制度建设和工作创新，确保各项工作取得实效。', '工作部署,全面推进', '新华网', 17, NULL, '2026-04-12 18:54:02', '2026-04-13 13:38:36');
INSERT INTO `policies` VALUES ('fb1036aab9b3f558c648ffc8b3bcf890', '学习新语｜形式主义根源是政绩观错位', '“形式主义实质是主观主义、功利主义，根源是政绩观错位、责任心缺失。”习近平总书记高度重视加强党的作风建设，针对反对形式主义官僚主义等、树立和践行正确政绩观作出一系列重要论述。我们选取《习近平关于树立和践行正确政绩观论述摘编》一书中的相关论述，一起学习领会。\n[IMG:https://q6.itc.cn/q_70/images03/20260410/adb78d888fa1459bb407a666305fa2f2.jpeg]\n\n[IMG:https://q2.itc.cn/q_70/images03/20260410/f6e1f6f2f24f4eafa5d349236aa7df30.jpeg]\n\n[IMG:https://q1.itc.cn/q_70/images03/20260410/e1741f19dbcb4f82895ff231c3f9fb23.jpeg]\n\n[IMG:https://q9.itc.cn/q_70/images03/20260410/92c137ae40014a01bc5d43f833093d58.jpeg]\n\n[IMG:https://q2.itc.cn/q_70/images03/20260410/757817f34b134a25b4abc1c642d7cc0f.jpeg]\n\n[IMG:https://q4.itc.cn/q_70/images03/20260410/3d0906010ba04b6a9a4cd279b40f8bf0.jpeg]\n\n[IMG:https://q3.itc.cn/q_70/images03/20260410/0cfc2a1fbf4e47aab365390ec363cd24.jpeg]\n\n[IMG:https://q3.itc.cn/q_70/images03/20260410/0225828e5d1a403f958a511b6527c494.jpeg]\n\n[IMG:https://q3.itc.cn/q_70/images03/20260410/a5301373a5df45189cf3052b142e1115.jpeg]\n\n\n统筹：姜子炜\n\n设计：赵丹阳\n\n新华社新媒体中心制作', '新闻动态', '2026-04-10', 'https://q6.itc.cn/q_70/images03/20260410/adb78d888fa1459bb407a666305fa2f2.jpeg', NULL, '统筹推进重点任务落实，促进各项事业协同发展。', '责任落实,监督考核', '新华社', 5, NULL, '2026-04-12 19:18:45', '2026-04-13 13:12:58');
INSERT INTO `policies` VALUES ('fb67ea58bd262eb0adc40be8865ada34', '十四届全国人大四次会议在京开幕 习近平等在主席台就座', '3月5日，第十四届全国人民代表大会第四次会议在北京人民大会堂开幕。党和国家领导人习近平、李强、王沪宁、蔡奇、丁薛祥、李希、韩正等出席大会。新华社记者 谢环驰 摄\n\n  第十四届全国人民代表大会第四次会议5日上午在北京人民大会堂开幕。全国人大代表肩负人民重托出席大会，履行宪法和法律赋予的神圣职责。\n\n  人民大会堂万人大礼堂气氛庄重热烈，主席台帷幕正中的国徽在鲜艳的红旗映衬下熠熠生辉。\n\n\n[IMG:http://www.chinapolicy.com.cn/upload_files/article/3/297_20260306170307_nkpug.jpg]\n        3月5日上午，第十四届全国人民代表大会第四次会议在北京人民大会堂开幕。新华社记者 王晔 摄\n\n  大会主席团常务主席、执行主席赵乐际主持大会。大会主席团常务主席、执行主席李鸿忠、王东明、肖捷、郑建邦、丁仲礼、蔡达峰、何维、武维华、铁凝、彭清华、张庆伟、洛桑江村、雪克来提·扎克尔、刘奇在主席台执行主席席就座。\n  习近平、李强、王沪宁、蔡奇、丁薛祥、李希、韩正和大会主席团成员在主席台就座。\n  十四届全国人大四次会议应出席代表2878人。5日上午的会议，出席2765人，缺席113人，出席人数符合法定人数。\n\n\n[IMG:http://www.chinapolicy.com.cn/upload_files/article/3/297_20260306170324_dipnl.jpg]\n  3月5日上午，第十四届全国人民代表大会第四次会议在北京人民大会堂开幕。赵乐际主持开幕会。新华社记者 申宏 摄\n\n  上午9时，赵乐际宣布：中华人民共和国第十四届全国人民代表大会第四次会议开幕。会场全体起立，高唱国歌。\n\n\n[IMG:http://www.chinapolicy.com.cn/upload_files/article/3/297_20260306170322_kj0gu.jpg]\n  3月5日上午，第十四届全国人民代表大会第四次会议在北京人民大会堂开幕。国务院总理李强作政府工作报告。新华社记者 黄敬文 摄\n\n  根据会议议程，国务院总理李强代表国务院向大会作政府工作报告。报告共分四个部分：一、2025年工作回顾；二、“十五五”时期主要目标和重大任务；三、2026年经济社会发展总体要求和政策取向；四、2026年政府工作任务。\n\n  李强在报告中指出，2025年是很不平凡的一年。面对国内外形势深刻复杂的变化，以习近平同志为核心的党中央团结带领全国各族人民迎难而上、奋力拼搏，坚定不移贯彻新发展理念、推动高质量发展，统筹国内国际两个大局，全年经济社会发展主要目标任务顺利完成，“十四五”圆满收官，中国式现代化迈出新的坚实步伐。\n\n  李强在报告中指出，我们深入学习贯彻习近平新时代中国特色社会主义思想，全面贯彻落实党的二十大和二十届历次全会精神，按照党中央决策部署，一年来主要做了以下工作：一是实施更加积极有为的宏观政策，着力稳定经济运行；二是坚持创新驱动发展，建设现代化产业体系；三是进一步深化改革开放，畅通国民经济循环；四是统筹推进新型城镇化和乡村全面振兴，促进城乡区域协调发展；五是切实抓好民生保障，积极发展社会事业；六是加快美丽中国建设，推动绿色低碳发展；七是持续加强政府建设，创新和完善社会治理。\n\n  李强在报告中指出，过去5年，党和国家事业取得新的重大成就，第二个百年奋斗目标新征程实现良好开局。“十四五”规划《纲要》确定的20项主要指标、17方面重大战略任务、102项重大工程项目胜利完成。\n\n  李强在报告中指出，根据《中共中央关于制定国民经济和社会发展第十五个五年规划的建议》，国务院编制了《中华人民共和国国民经济和社会发展第十五个五年规划纲要（草案）》，提交大会审查。贯彻落实党中央《建议》明确的主要目标，《纲要（草案）》细化提出20项主要指标；分领域阐述了“十五五”发展的重大战略任务，突出体现四个方面：一是突出推动高质量发展，二是突出做强国内大循环，三是突出推进全体人民共同富裕，四是突出统筹发展和安全；围绕推动“十五五”目标任务落实落地，统筹考虑战略性、牵引性和连续性，《纲要（草案）》提出6方面109项重大工程。\n\n  李强在报告中提出，今年发展主要预期目标是：经济增长4.5%－5%，在实际工作中努力争取更好结果；城镇调查失业率5.5%左右，城镇新增就业1200万人以上；居民消费价格涨幅2%左右；居民收入增长和经济增长同步；国际收支基本平衡；粮食产量1.4万亿斤左右；单位国内生产总值二氧化碳排放降低3.8%左右。\n\n  李强在报告中提出，党中央对今年工作作出了全面部署，我们要深入贯彻落实，扎实做好各项工作：着力建设强大国内市场；加紧培育壮大新动能；加快高水平科技自立自强；持续深化重点领域改革；进一步扩大高水平对外开放；扎实推进乡村全面振兴；推动新型城镇化和区域协调发展；更大力度保障和改善民生；加快推动全面绿色转型；加强重点领域风险防范化解和安全能力建设。\n\n  报告中，李强还就加强政府自身建设，民族、宗教和侨务工作，国防和军队现代化建设，香港、澳门发展和两岸关系，以及我国外交政策等作了阐述。\n\n  根据会议议程，大会审查国民经济和社会发展第十五个五年规划纲要草案、国务院关于2025年国民经济和社会发展计划执行情况与2026年国民经济和社会发展计划草案的报告及2026年国民经济和社会发展计划草案、国务院关于2025年中央和地方预算执行情况与2026年中央和地方预算草案的报告及2026年中央和地方预算草案。\n\n  受全国人大常委会委托，全国人大常委会副委员长李鸿忠分别作关于生态环境法典草案的说明、关于民族团结进步促进法草案的说明、关于国家发展规划法草案的说明。\n\n  关于生态环境法典草案的说明指出，编纂生态环境法典，将党的十八大以来生态文明建设理论、制度、实践成果以法典化的方式确定下来，完善生态环境法律制度体系，具有重大而深远的意义。编纂生态环境法典的指导思想是：坚持以习近平新时代中国特色社会主义思想为指导，深刻领悟“两个确立”的决定性意义，增强“四个意识”、坚定“四个自信”、做到“两个维护”，深入贯彻落实党的二十大和二十届历次全会精神，坚持党的领导、人民当家作主、依法治国有机统一，紧紧围绕统筹推进“五位一体”总体布局和协调推进“四个全面”战略布局，聚焦建设更加完善的中国特色社会主义法治体系、建设更高水平的社会主义法治国家，总结实践经验，适应时代要求，同步推进高质量发展和高水平保护，对我国现行的污染防治、生态保护、绿色低碳发展等方面的生态环境法律制度机制和规则规范进行全面系统的编订纂修，形成一部以习近平新时代中国特色社会主义思想特别是习近平生态文明思想为引领，具有中国特色、体现时代特点、反映人民意愿、系统规范协调的生态环境法典，为全面建成社会主义现代化强国、实现第二个百年奋斗目标，以中国式现代化全面推进中华民族伟大复兴提供完备的生态环境法治保障。根据说明，草案共5编、1242条，各编依次为总则、污染防治、生态保护、绿色低碳发展、法律责任和附则。\n\n  关于民族团结进步促进法草案的说明指出，贯彻落实党中央决策部署，立足新时代党的民族工作的历史方位，全面贯彻宪法规定、原则和精神，制定民族团结进步促进法，为铸牢中华民族共同体意识、推进中华民族共同体建设夯实法治根基，对于全面推进民族团结进步事业，推动全国各族人民为以中国式现代化全面推进强国建设、民族复兴伟业团结奋斗，具有重大意义。立法坚持以习近平新时代中国特色社会主义思想为指导，深入学习贯彻习近平法治思想、习近平文化思想、习近平总书记关于加强和改进民族工作的重要思想，全面贯彻党的二十大和二十届历次全会精神，认真总结党的十八大以来民族工作取得的历史性成就和成功经验，以铸牢中华民族共同体意识为主线，推动民族团结进步事业高质量发展。草案采用“序言+7章”的体例，共64条。\n\n  关于国家发展规划法草案的说明指出，认真总结长期以来国家发展规划工作的成功经验，制定国家发展规划法，对国家发展规划工作应当坚持的指导思想和原则理念予以明确，对国家发展规划的编制、审查和批准、实施及其监督等具体程序作出全面系统规定，为在法治轨道上科学编制和有效实施国家发展规划提供有力制度保障。立法坚持以习近平新时代中国特色社会主义思想为指导，深入贯彻党的二十大和二十届历次全会精神，坚持以人民为中心，完整准确全面贯彻新发展理念，总结长期以来特别是新时代以来国家发展规划工作成功经验，以宪法为依据，将多年来行之有效的做法确立为法律制度规范，着力提高国家发展规划工作法治化水平，更好发挥国家发展规划的战略导向作用，更好发挥国家制度优势和治理效能。草案分为6章，共38条。\n\n  在主席台就座的还有：王毅、尹力、石泰峰、刘国中、李干杰、李书磊、何立峰、张国清、陈文清、陈吉宁、陈敏尔、袁家军、黄坤明、刘金国、王小洪、张升民、吴政隆、谌贻琴、张军、应勇、胡春华、沈跃跃、王勇、周强、帕巴拉·格列朗杰、何厚铧、梁振英、巴特尔、苏辉、邵鸿、高云龙、穆虹、咸辉、王东峰、姜信治、蒋作君、何报翔、王光谦、秦博勇、朱永新、杨震等。\n\n  香港特别行政区行政长官李家超、澳门特别行政区行政长官岑浩辉列席会议并在主席台就座。\n\n  出席全国政协十四届四次会议的政协委员列席大会。\n\n  中央和国家机关有关部门、解放军有关单位和武警部队、各人民团体有关负责人列席或旁听了大会。\n\n  外国驻华使节旁听了大会。', '重要讲话', '2026-03-06', 'http://www.chinapolicy.com.cn/upload_files/article/3/297_20260306170331_unles.jpg', NULL, '统筹推进重点任务落实，促进各项事业协同发展。', '民生保障,服务群众', '新华网', 4, NULL, '2026-04-12 17:41:45', '2026-04-13 13:16:27');
INSERT INTO `policies` VALUES ('p1', '习近平在中国共产党第二十次全国代表大会上的报告全文发布', '2022年10月16日，中国共产党第二十次全国代表大会在北京人民大会堂开幕。习近平代表第十九届中央委员会向大会作报告。\n\n同志们：\n\n现在，我代表第十九届中央委员会向大会作报告。\n\n中国共产党第二十次全国代表大会，是在全党全国各族人民迈上全面建设社会主义现代化国家新征程、向第二个百年奋斗目标进军的关键时刻召开的一次十分重要的大会。\n\n大会的主题是：高举中国特色社会主义伟大旗帜，全面贯彻新时代中国特色社会主义思想，弘扬伟大建党精神，自信自强、守正创新，踔厉奋发、勇毅前行，为全面建设社会主义现代化国家、全面推进中华民族伟大复兴而团结奋斗。\n\n中国共产党已走过百年奋斗历程。我们党立志于中华民族千秋伟业，致力于人类和平与发展崇高事业，责任无比重大，使命无上光荣。全党同志务必不忘初心、牢记使命，务必谦虚谨慎、艰苦奋斗，务必敢于斗争、善于斗争，坚定历史自信，增强历史主动，谱写新时代中国特色社会主义更加绚丽的华章。\n\n一、过去五年的工作和新时代十年的伟大变革\n\n十九大以来的五年，是极不寻常、极不平凡的五年。党中央统筹中华民族伟大复兴战略全局和世界百年未有之大变局，就党和国家事业发展作出重大战略部署，团结带领全党全军全国各族人民有效应对严峻复杂的国际形势和接踵而至的巨大风险挑战，以奋发有为的精神把新时代中国特色社会主义不断推向前进。\n\n五年来，我们坚持加强党的全面领导和党中央集中统一领导，全力推进全面建成小康社会进程，完整、准确、全面贯彻新发展理念，着力推动高质量发展，主动构建新发展格局，蹄疾步稳推进改革，扎实推进全过程人民民主，全面推进依法治国，积极发展社会主义先进文化，突出保障和改善民生，集中力量实施脱贫攻坚战，大力推进生态文明建设，坚决维护国家安全，防范化解重大风险，保持社会大局稳定，大力度推进国防和军队现代化建设，全方位开展中国特色大国外交，全面推进党的建设新的伟大工程。我们隆重庆祝中国共产党成立一百周年、中华人民共和国成立七十周年，制定第三个历史决议，在全党开展党史学习教育，号召全党学习和践行伟大建党精神。特别是面对突如其来的新冠肺炎疫情，我们坚持人民至上、生命至上，坚持动态清零不动摇，开展抗击疫情人民战争、总体战、阻击战，最大限度保护了人民生命安全和身体健康，统筹疫情防控和经济社会发展取得重大积极成果。面对香港局势动荡变化，我们依照宪法和基本法有效实施对特别行政区的全面管治权，落实“爱国者治港”原则，香港局势实现由乱到治的重大转折。面对“台独”势力分裂活动和外部势力干涉台湾事务的严重挑衅，我们坚决开展反分裂、反干涉重大斗争，展示了我们维护国家主权和领土完整、反对“台独”的坚强决心和强大能力。面对国际局势急剧变化，我们保持战略定力，发扬斗争精神，在斗争中维护国家尊严和核心利益，牢牢掌握了我国发展和安全主动权。五年来，我们党团结带领人民，攻克了许多长期没有解决的难题，办成了许多事关长远的大事要事，推动党和国家事业取得举世瞩目的重大成就。\n\n同志们！十八大召开至今已经十年了。十年来，我们经历了对党和人民事业具有重大现实意义和深远历史意义的三件大事：一是迎来中国共产党成立一百周年，二是中国特色社会主义进入新时代，三是完成脱贫攻坚、全面建成小康社会的历史任务，实现第一个百年奋斗目标。这是中国共产党和中国人民团结奋斗赢得的历史性胜利，是彪炳中华民族发展史册的历史性胜利，也是对世界具有深远影响的历史性胜利。\n\n十年前，我们面对的形势是，改革开放和社会主义现代化建设取得巨大成就，党的建设新的伟大工程取得显著成效，为我们继续前进奠定了坚实基础、创造了良好条件、提供了重要保障，同时一系列长期积累及新出现的突出矛盾和问题亟待解决。面对这些影响党长期执政、国家长治久安、人民幸福安康的突出矛盾和问题，党中央审时度势、果敢抉择，锐意进取、攻坚克难，团结带领全党全军全国各族人民撸起袖子加油干、风雨无阻向前行，义无反顾进行具有许多新的历史特点的伟大斗争。\n\n十年来，我们坚持马克思列宁主义、毛泽东思想、邓小平理论、“三个代表”重要思想、科学发展观，全面贯彻新时代中国特色社会主义思想，全面贯彻党的基本路线、基本方略，采取一系列战略性举措，推进一系列变革性实践，实现一系列突破性进展，取得一系列标志性成果，经受住了来自政治、经济、意识形态、自然界等方面的风险挑战考验，党和国家事业取得历史性成就、发生历史性变革，推动我国迈上全面建设社会主义现代化国家新征程。\n\n——我们创立了新时代中国特色社会主义思想，明确坚持和发展中国特色社会主义的基本方略，提出一系列治国理政新理念新思想新战略，实现了马克思主义中国化时代化新的飞跃。\n\n——我们全面加强党的领导，确保党中央权威和集中统一领导，确保党发挥总揽全局、协调各方的领导核心作用，我们这个拥有九千六百多万名党员的马克思主义政党更加团结统一。\n\n——我们经过接续奋斗，实现了小康这个中华民族的千年梦想，打赢了人类历史上规模最大的脱贫攻坚战，历史性地解决了绝对贫困问题，为全球减贫事业作出了重大贡献。\n\n——我们对新时代党和国家事业发展作出科学完整的战略部署，提出实现中华民族伟大复兴的中国梦，统揽伟大斗争、伟大工程、伟大事业、伟大梦想，明确“五位一体”总体布局和“四个全面”战略布局，确定稳中求进工作总基调，统筹发展和安全，明确我国社会主要矛盾是人民日益增长的美好生活需要和不平衡不充分的发展之间的矛盾，并紧紧围绕这个社会主要矛盾推进各项工作，不断丰富和发展人类文明新形态。\n\n——我们提出并贯彻新发展理念，着力推进高质量发展，推动构建新发展格局，实施供给侧结构性改革，制定一系列具有全局性意义的区域重大战略，我国经济实力实现历史性跃升，国内生产总值从五十四万亿元增长到一百一十四万亿元，我国经济总量占世界经济的比重达百分之十八点五，提高七点二个百分点，稳居世界第二位；人均国内生产总值从三万九千八百元增加到八万一千元。谷物总产量稳居世界首位，制造业规模、外汇储备稳居世界第一。一些关键核心技术实现突破，战略性新兴产业发展壮大，载人航天、探月探火、深海深地探测、超级计算机、卫星导航、量子信息、核电技术、大飞机制造、生物医药等取得重大成果，进入创新型国家行列。\n\n——我们以巨大的政治勇气全面深化改革，许多领域实现历史性变革、系统性重塑、整体性重构，中国特色社会主义制度更加成熟更加定型，国家治理体系和治理能力现代化水平明显提高。\n\n——我们实行更加积极主动的开放战略，共建“一带一路”成为深受欢迎的国际公共产品和国际合作平台，我国成为一百四十多个国家和地区的主要贸易伙伴，货物贸易总额居世界第一，吸引外资和对外投资居世界前列，形成更大范围、更宽领域、更深层次对外开放格局。\n\n——我们坚持走中国特色社会主义政治发展道路，全面发展全过程人民民主，社会主义民主政治制度化、规范化、程序化全面推进，人民当家作主更为扎实，全面依法治国总体格局基本形成。\n\n——我们确立和坚持马克思主义在意识形态领域指导地位的根本制度，社会主义核心价值观广泛传播，中华优秀传统文化得到创造性转化、创新性发展，文化事业日益繁荣，网络生态持续向好，意识形态领域形势发生全局性、根本性转变。\n\n——我们深入贯彻以人民为中心的发展思想，在幼有所育、学有所教、劳有所得、病有所医、老有所养、住有所居、弱有所扶上持续用力，建成世界上规模最大的教育体系、社会保障体系、医疗卫生体系，人民群众获得感、幸福感、安全感更加充实、更有保障、更可持续，共同富裕取得新成效。\n\n——我们坚持绿水青山就是金山银山的理念，坚持山水林田湖草沙一体化保护和系统治理，生态文明制度体系更加健全，生态环境保护发生历史性、转折性、全局性变化，我们的祖国天更蓝、山更绿、水更清。\n\n——我们贯彻总体国家安全观，以坚定的意志品质维护国家主权、安全、发展利益，国家安全得到全面加强，扫黑除恶专项斗争取得阶段性成果，有力应对一系列重大自然灾害，平安中国建设迈向更高水平。\n\n——我们确立党在新时代的强军目标，贯彻新时代党的强军思想，贯彻新时代军事战略方针，坚持党对人民军队的绝对领导，统筹加强各方向各领域军事斗争，大刀阔斧深化国防和军队改革，人民军队体制一新、结构一新、格局一新、面貌一新。\n\n——我们全面准确推进“一国两制”实践，坚持“一国两制”、“港人治港”、“澳人治澳”、高度自治的方针，推动香港进入由乱到治走向由治及兴的新阶段，香港、澳门保持长期稳定发展良好态势。我们提出新时代解决台湾问题的总体方略，促进两岸交流合作，坚决反对“台独”分裂行径，坚决反对外部势力干涉，牢牢把握两岸关系主导权和主动权。\n\n——我们全面推进中国特色大国外交，推动构建人类命运共同体，坚定维护国际公平正义，倡导践行真正的多边主义，旗帜鲜明反对一切霸权主义和强权政治，毫不动摇反对任何单边主义、保护主义、霸凌行径。我们推动构建新型国际关系，积极参与全球治理体系改革和建设，全面开展抗击新冠肺炎疫情国际合作，赢得广泛国际赞誉，我国国际影响力、感召力、塑造力显著提升。\n\n——我们深入推进全面从严治党，坚持打铁必须自身硬，提出和落实新时代党的建设总要求，以党的政治建设统领党的建设各项工作。我们以钉钉子精神纠治“四风”，反对特权思想和特权现象，刹住了一些长期没有刹住的歪风，纠治了一些多年未除的顽瘴痼疾。我们开展了史无前例的反腐败斗争，以“得罪千百人、不负十四亿”的使命担当祛疴治乱，“打虎”、“拍蝇”、“猎狐”多管齐下，反腐败斗争取得压倒性胜利并全面巩固，消除了党、国家、军队内部存在的严重隐患。经过不懈努力，党找到了自我革命这一跳出治乱兴衰历史周期率的第二个答案，确保党永远不变质、不变色、不变味。\n\n在充分肯定党和国家事业取得举世瞩目成就的同时，必须清醒看到，我们的工作还存在一些不足，面临不少困难和问题。对这些问题，我们已经采取一系列措施加以解决，今后必须加大工作力度。\n\n同志们！新时代的伟大成就是党和人民一道拼出来、干出来、奋斗出来的！在这里，我代表中共中央，向全体中国共产党员，向全国各族人民，向各民主党派、各人民团体和各界爱国人士，向香港特别行政区同胞、澳门特别行政区同胞和台湾同胞以及广大侨胞，向关心和支持中国现代化建设的各国朋友，表示衷心的感谢！\n\n新时代十年的伟大变革，在党史、新中国史、改革开放史、社会主义发展史、中华民族发展史上具有里程碑意义。走过百年奋斗历程的中国共产党在革命性锻造中更加坚强有力，在坚持和发展中国特色社会主义的历史进程中始终成为坚强领导核心。中国人民的前进动力更加强大、奋斗精神更加昂扬、必胜信念更加坚定，中国共产党和中国人民正信心百倍推进中华民族从站起来、富起来到强起来的伟大飞跃。改革开放和社会主义现代化建设深入推进，实现中华民族伟大复兴进入了不可逆转的历史进程。科学社会主义在二十一世纪的中国焕发出新的蓬勃生机，中国式现代化为人类实现现代化提供了新的选择，中国共产党和中国人民为解决人类面临的共同问题提供更多更好的中国智慧、中国方案、中国力量，为人类和平与发展崇高事业作出新的更大的贡献！\n\n二、开辟马克思主义中国化时代化新境界\n\n马克思主义是我们立党立国、兴党兴国的根本指导思想。实践告诉我们，中国共产党为什么能，中国特色社会主义为什么好，归根到底是马克思主义行，是中国化时代化的马克思主义行。拥有马克思主义科学理论指导是我们党坚定信仰信念、把握历史主动的根本所在。\n\n十八大以来，我们党勇于进行理论探索和创新，以全新的视野深化对共产党执政规律、社会主义建设规律、人类社会发展规律的认识，取得重大理论创新成果，集中体现为新时代中国特色社会主义思想。十九大、十九届六中全会提出的“十个明确”、“十四个坚持”、“十三个方面成就”概括了这一思想的主要内容，必须长期坚持并不断丰富发展。\n\n中国共产党人深刻认识到，只有把马克思主义基本原理同中国具体实际相结合、同中华优秀传统文化相结合，坚持运用辩证唯物主义和历史唯物主义，才能正确回答时代和实践提出的重大问题，才能始终保持马克思主义的蓬勃生机和旺盛活力。\n\n实践没有止境，理论创新也没有止境。不断谱写马克思主义中国化时代化新篇章，是当代中国共产党人的庄严历史责任。继续推进实践基础上的理论创新，首先要把握好新时代中国特色社会主义思想的世界观和方法论，坚持好、运用好贯穿其中的立场观点方法。必须坚持人民至上，坚持自信自立，坚持守正创新，坚持问题导向，坚持系统观念，坚持胸怀天下，站稳人民立场、把握人民愿望、尊重人民创造、集中人民智慧，坚持对马克思主义的坚定信仰、对中国特色社会主义的坚定信念，坚定道路自信、理论自信、制度自信、文化自信，不断提出真正解决问题的新理念新思路新办法，为前瞻性思考、全局性谋划、整体性推进党和国家各项事业提供科学思想方法。\n\n三、新时代新征程中国共产党的使命任务\n\n从现在起，中国共产党的中心任务就是团结带领全国各族人民全面建成社会主义现代化强国、实现第二个百年奋斗目标，以中国式现代化全面推进中华民族伟大复兴。\n\n中国式现代化，是中国共产党领导的社会主义现代化，既有各国现代化的共同特征，更有基于自己国情的中国特色。中国式现代化是人口规模巨大的现代化，是全体人民共同富裕的现代化，是物质文明和精神文明相协调的现代化，是人与自然和谐共生的现代化，是走和平发展道路的现代化。\n\n中国式现代化的本质要求是：坚持中国共产党领导，坚持中国特色社会主义，实现高质量发展，发展全过程人民民主，丰富人民精神世界，实现全体人民共同富裕，促进人与自然和谐共生，推动构建人类命运共同体，创造人类文明新形态。\n\n全面建成社会主义现代化强国，总的战略安排是分两步走：从二〇二〇年到二〇三五年基本实现社会主义现代化；从二〇三五年到本世纪中叶把我国建成富强民主文明和谐美丽的社会主义现代化强国。未来五年是全面建设社会主义现代化国家开局起步的关键时期。\n\n全面建设社会主义现代化国家，是一项伟大而艰巨的事业，前途光明，任重道远。我们必须增强忧患意识，坚持底线思维，做到居安思危、未雨绸缪，准备经受风高浪急甚至惊涛骇浪的重大考验。前进道路上，必须牢牢把握以下重大原则：坚持和加强党的全面领导，坚持中国特色社会主义道路，坚持以人民为中心的发展思想，坚持深化改革开放，坚持发扬斗争精神。要增强全党全国各族人民的志气、骨气、底气，不信邪、不怕鬼、不怕压，知难而进、迎难而上，统筹发展和安全，全力战胜前进道路上各种困难和挑战，依靠顽强斗争打开事业发展新天地。\n\n四、加快构建新发展格局，着力推动高质量发展\n\n高质量发展是全面建设社会主义现代化国家的首要任务。发展是党执政兴国的第一要务。没有坚实的物质技术基础，就不可能全面建成社会主义现代化强国。必须完整、准确、全面贯彻新发展理念，坚持社会主义市场经济改革方向，坚持高水平对外开放，加快构建以国内大循环为主体、国内国际双循环相互促进的新发展格局。\n\n我们要坚持以推动高质量发展为主题，把实施扩大内需战略同深化供给侧结构性改革有机结合起来，增强国内大循环内生动力和可靠性，提升国际循环质量和水平，加快建设现代化经济体系，着力提高全要素生产率，着力提升产业链供应链韧性和安全水平，着力推进城乡融合和区域协调发展，推动经济实现质的有效提升和量的合理增长。\n\n我们要构建高水平社会主义市场经济体制，坚持和完善社会主义基本经济制度，毫不动摇巩固和发展公有制经济，毫不动摇鼓励、支持、引导非公有制经济发展，充分发挥市场在资源配置中的决定性作用，更好发挥政府作用。建设现代化产业体系，坚持把发展经济的着力点放在实体经济上，推进新型工业化，加快建设制造强国、质量强国、航天强国、交通强国、网络强国、数字中国。全面推进乡村振兴，坚持农业农村优先发展，巩固拓展脱贫攻坚成果，加快建设农业强国，扎实推动乡村产业、人才、文化、生态、组织振兴，全方位夯实粮食安全根基，牢牢守住十八亿亩耕地红线，确保中国人的饭碗牢牢端在自己手中。促进区域协调发展，深入实施区域协调发展战略、区域重大战略、主体功能区战略、新型城镇化战略，优化重大生产力布局，构建优势互补、高质量发展的区域经济布局和国土空间体系。推进高水平对外开放，稳步扩大规则、规制、管理、标准等制度型开放，加快建设贸易强国，推动共建“一带一路”高质量发展，维护多元稳定的国际经济格局和经贸关系。\n\n五、实施科教兴国战略，强化现代化建设人才支撑\n\n教育、科技、人才是全面建设社会主义现代化国家的基础性、战略性支撑。必须坚持科技是第一生产力、人才是第一资源、创新是第一动力，深入实施科教兴国战略、人才强国战略、创新驱动发展战略，开辟发展新领域新赛道，不断塑造发展新动能新优势。\n\n我们要坚持教育优先发展、科技自立自强、人才引领驱动，加快建设教育强国、科技强国、人才强国，坚持为党育人、为国育才，全面提高人才自主培养质量，着力造就拔尖创新人才，聚天下英才而用之。\n\n我们要办好人民满意的教育，全面贯彻党的教育方针，落实立德树人根本任务，培养德智体美劳全面发展的社会主义建设者和接班人，加快建设高质量教育体系，发展素质教育，促进教育公平。完善科技创新体系，坚持创新在我国现代化建设全局中的核心地位，健全新型举国体制，强化国家战略科技力量，提升国家创新体系整体效能，形成具有全球竞争力的开放创新生态。加快实施创新驱动发展战略，加快实现高水平科技自立自强，以国家战略需求为导向，集聚力量进行原创性引领性科技攻关，坚决打赢关键核心技术攻坚战，加快实施一批具有战略性全局性前瞻性的国家重大科技项目，增强自主创新能力。深入实施人才强国战略，坚持尊重劳动、尊重知识、尊重人才、尊重创造，完善人才战略布局，加快建设世界重要人才中心和创新高地，着力形成人才国际竞争的比较优势，把各方面优秀人才集聚到党和人民事业中来。\n\n六、发展全过程人民民主，保障人民当家作主\n\n我国是工人阶级领导的、以工农联盟为基础的人民民主专政的社会主义国家，国家一切权力属于人民。人民民主是社会主义的生命，是全面建设社会主义现代化国家的应有之义。全过程人民民主是社会主义民主政治的本质属性，是最广泛、最真实、最管用的民主。必须坚定不移走中国特色社会主义政治发展道路，坚持党的领导、人民当家作主、依法治国有机统一，坚持人民主体地位，充分体现人民意志、保障人民权益、激发人民创造活力。\n\n我们要健全人民当家作主制度体系，扩大人民有序政治参与，保证人民依法实行民主选举、民主协商、民主决策、民主管理、民主监督，发挥人民群众积极性、主动性、创造性，巩固和发展生动活泼、安定团结的政治局面。\n\n我们要加强人民当家作主制度保障，坚持和完善我国根本政治制度、基本政治制度、重要政治制度，拓展民主渠道，丰富民主形式，支持和保证人民通过人民代表大会行使国家权力。深化工会、共青团、妇联等群团组织改革和建设，有效发挥桥梁纽带作用。坚持走中国人权发展道路，推动人权事业全面发展。全面发展协商民主，推进协商民主广泛多层制度化发展，坚持和完善中国共产党领导的多党合作和政治协商制度，完善人民政协民主监督和委员联系界别群众制度机制。积极发展基层民主，健全基层党组织领导的基层群众自治机制，完善基层直接民主制度体系和工作体系。全心全意依靠工人阶级，维护职工合法权益。巩固和发展最广泛的爱国统一战线，完善大统战工作格局，坚持大团结大联合，动员全体中华儿女围绕实现中华民族伟大复兴中国梦一起来想、一起来干。加强同民主党派和无党派人士的团结合作。以铸牢中华民族共同体意识为主线，加强和改进党的民族工作。坚持我国宗教中国化方向，积极引导宗教与社会主义社会相适应。加强和改进侨务工作，形成共同致力民族复兴的强大力量。\n\n七、坚持全面依法治国，推进法治中国建设\n\n全面依法治国是国家治理的一场深刻革命，关系党执政兴国，关系人民幸福安康，关系党和国家长治久安。必须更好发挥法治固根本、稳预期、利长远的保障作用，在法治轨道上全面建设社会主义现代化国家。\n\n我们要坚持走中国特色社会主义法治道路，建设中国特色社会主义法治体系、建设社会主义法治国家，围绕保障和促进社会公平正义，坚持依法治国、依法执政、依法行政共同推进，坚持法治国家、法治政府、法治社会一体建设，全面推进科学立法、严格执法、公正司法、全民守法，全面推进国家各方面工作法治化。\n\n我们要完善以宪法为核心的中国特色社会主义法律体系，加强宪法实施和监督，加强重点领域、新兴领域、涉外领域立法，推进科学立法、民主立法、依法立法。扎实推进依法行政，转变政府职能，优化政府职责体系和组织结构，提高行政效率和公信力，全面推进严格规范公正文明执法。严格公正司法，深化司法体制综合配套改革，全面准确落实司法责任制，加快建设公正高效权威的社会主义司法制度，努力让人民群众在每一个司法案件中感受到公平正义。加快建设法治社会，弘扬社会主义法治精神，传承中华优秀传统法律文化，引导全体人民做社会主义法治的忠实崇尚者、自觉遵守者、坚定捍卫者，努力使尊法学法守法用法在全社会蔚然成风。\n\n八、推进文化自信自强，铸就社会主义文化新辉煌\n\n全面建设社会主义现代化国家，必须坚持中国特色社会主义文化发展道路，增强文化自信，围绕举旗帜、聚民心、育新人、兴文化、展形象建设社会主义文化强国，发展面向现代化、面向世界、面向未来的，民族的科学的大众的社会主义文化，激发全民族文化创新创造活力，增强实现中华民族伟大复兴的精神力量。\n\n我们要坚持马克思主义在意识形态领域指导地位的根本制度，坚持为人民服务、为社会主义服务，坚持百花齐放、百家争鸣，坚持创造性转化、创新性发展，以社会主义核心价值观为引领，发展社会主义先进文化，弘扬革命文化，传承中华优秀传统文化，满足人民日益增长的精神文化需求，巩固全党全国各族人民团结奋斗的共同思想基础，不断提升国家文化软实力和中华文化影响力。\n\n我们要建设具有强大凝聚力和引领力的社会主义意识形态，牢牢掌握党对意识形态工作领导权，全面落实意识形态工作责任制，巩固壮大奋进新时代的主流思想舆论，加强全媒体传播体系建设，推动形成良好网络生态。广泛践行社会主义核心价值观，弘扬以伟大建党精神为源头的中国共产党人精神谱系，深入开展社会主义核心价值观宣传教育，深化爱国主义、集体主义、社会主义教育，着力培养担当民族复兴大任的时代新人。提高全社会文明程度，实施公民道德建设工程，弘扬中华传统美德，加强家庭家教家风建设，推动明大德、守公德、严私德，提高人民道德水准和文明素养，在全社会弘扬劳动精神、奋斗精神、奉献精神、创造精神、勤俭节约精神。繁荣发展文化事业和文化产业，坚持以人民为中心的创作导向，推出更多增强人民精神力量的优秀作品，健全现代公共文化服务体系，实施重大文化产业项目带动战略。促进群众体育和竞技体育全面发展，加快建设体育强国。增强中华文明传播力影响力，坚守中华文化立场，讲好中国故事、传播好中国声音，展现可信、可爱、可敬的中国形象，推动中华文化更好走向世界。\n\n九、增进民生福祉，提高人民生活品质\n\n江山就是人民，人民就是江山。中国共产党领导人民打江山、守江山，守的是人民的心。治国有常，利民为本。为民造福是立党为公、执政为民的本质要求。必须坚持在发展中保障和改善民生，鼓励共同奋斗创造美好生活，不断实现人民对美好生活的向往。\n\n我们要实现好、维护好、发展好最广大人民根本利益，紧紧抓住人民最关心最直接最现实的利益问题，坚持尽力而为、量力而行，深入群众、深入基层，采取更多惠民生、暖民心举措，着力解决好人民群众急难愁盼问题，健全基本公共服务体系，提高公共服务水平，增强均衡性和可及性，扎实推进共同富裕。\n\n我们要完善分配制度，坚持按劳分配为主体、多种分配方式并存，坚持多劳多得，鼓励勤劳致富，促进机会公平，增加低收入者收入，扩大中等收入群体，规范收入分配秩序，规范财富积累机制。实施就业优先战略，强化就业优先政策，健全就业公共服务体系，加强困难群体就业兜底帮扶，消除影响平等就业的不合理限制和就业歧视，使人人都有通过勤奋劳动实现自身发展的机会。健全社会保障体系，健全覆盖全民、统筹城乡、公平统一、安全规范、可持续的多层次社会保障体系，扩大社会保险覆盖面。坚持男女平等基本国策，保障妇女儿童合法权益。促进残疾人事业全面发展。加快建立多主体供给、多渠道保障、租购并举的住房制度。推进健康中国建设，把保障人民健康放在优先发展的战略位置，建立生育支持政策体系，实施积极应对人口老龄化国家战略，促进中医药传承创新发展，健全公共卫生体系，加强重大疫情防控救治体系和应急能力建设，有效遏制重大传染性疾病传播。\n\n十、推动绿色发展，促进人与自然和谐共生\n大自然是人类赖以生存发展的基本条件。尊重自然、顺应自然、保护自然，是全面建设社会主义现代化国家的内在要求。必须牢固树立和践行绿水青山就是金山银山的理念，站在人与自然和谐共生的高度谋划发展。\n\n我们要推进美丽中国建设，坚持山水林田湖草沙一体化保护和系统治理，统筹产业结构调整、污染治理、生态保护、应对气候变化，协同推进降碳、减污、扩绿、增长，推进生态优先、节约集约、绿色低碳发展。\n\n我们要加快发展方式绿色转型，实施全面节约战略，发展绿色低碳产业，倡导绿色消费，推动形成绿色低碳的生产方式和生活方式。深入推进环境污染防治，持续深入打好蓝天、碧水、净土保卫战，基本消除重污染天气，基本消除城市黑臭水体，加强土壤污染源头防控，提升环境基础设施建设水平，推进城乡人居环境整治。提升生态系统多样性、稳定性、持续性，加快实施重要生态系统保护和修复重大工程，实施生物多样性保护重大工程，推行草原森林河流湖泊湿地休养生息，实施好长江十年禁渔，健全耕地休耕轮作制度，防治外来物种侵害。积极稳妥推进碳达峰碳中和，立足我国能源资源禀赋，坚持先立后破，有计划分步骤实施碳达峰行动，深入推进能源革命，加强煤炭清洁高效利用，加快规划建设新型能源体系，积极参与应对气候变化全球治理。\n\n十一、推进国家安全体系和能力现代化，坚决维护国家安全和社会稳定\n\n国家安全是民族复兴的根基，社会稳定是国家强盛的前提。必须坚定不移贯彻总体国家安全观，把维护国家安全贯穿党和国家工作各方面全过程，确保国家安全和社会稳定。\n\n我们要坚持以人民安全为宗旨、以政治安全为根本、以经济安全为基础、以军事科技文化社会安全为保障、以促进国际安全为依托，统筹外部安全和内部安全、国土安全和国民安全、传统安全和非传统安全、自身安全和共同安全，统筹维护和塑造国家安全，夯实国家安全和社会稳定基层基础，完善参与全球安全治理机制，建设更高水平的平安中国，以新安全格局保障新发展格局。\n\n我们要健全国家安全体系，完善高效权威的国家安全领导体制，完善国家安全法治体系、战略体系、政策体系、风险监测预警体系、国家应急管理体系，构建全域联动、立体高效的国家安全防护体系。增强维护国家安全能力，坚定维护国家政权安全、制度安全、意识形态安全，确保粮食、能源资源、重要产业链供应链安全，维护我国公民、法人在海外合法权益，筑牢国家安全人民防线。提高公共安全治理水平，坚持安全第一、预防为主，完善公共安全体系，提高防灾减灾救灾和急难险重突发公共事件处置保障能力，加强个人信息保护。完善社会治理体系，健全共建共治共享的社会治理制度，提升社会治理效能，畅通和规范群众诉求表达、利益协调、权益保障通道，建设人人有责、人人尽责、人人享有的社会治理共同体。\n\n十二、实现建军一百年奋斗目标，开创国防和军队现代化新局面\n\n如期实现建军一百年奋斗目标，加快把人民军队建成世界一流军队，是全面建设社会主义现代化国家的战略要求。必须贯彻新时代党的强军思想，贯彻新时代军事战略方针，坚持党对人民军队的绝对领导，坚持政治建军、改革强军、科技强军、人才强军、依法治军，加快军事理论现代化、军队组织形态现代化、军事人员现代化、武器装备现代化，提高捍卫国家主权、安全、发展利益战略能力，有效履行新时代人民军队使命任务。\n\n全面加强人民军队党的建设，确保枪杆子永远听党指挥。健全贯彻军委主席负责制体制机制。建强人民军队党的组织体系，推进政治整训常态化制度化，持之以恒正风肃纪反腐。\n\n我们要全面加强练兵备战，提高人民军队打赢能力，创新军事战略指导，发展人民战争战略战术，打造强大战略威慑力量体系，增加新域新质作战力量比重，深入推进实战化军事训练。全面加强军事治理，巩固拓展国防和军队改革成果，完善军事力量结构编成，体系优化军事政策制度，实施国防科技和武器装备重大工程，建强新型军事人才培养体系，加强依法治军机制建设和战略规划。巩固提高一体化国家战略体系和能力，加强国防科技工业能力建设，加强国防动员和后备力量建设，做好退役军人服务保障工作，巩固发展军政军民团结。\n\n十三、坚持和完善“一国两制”，推进祖国统一\n“一国两制”是中国特色社会主义的伟大创举，是香港、澳门回归后保持长期繁荣稳定的最佳制度安排，必须长期坚持。\n全面准确、坚定不移贯彻“一国两制”、“港人治港”、“澳人治澳”、高度自治的方针，坚持依法治港治澳，落实中央全面管治权，落实“爱国者治港”、“爱国者治澳”原则，支持香港、澳门发展经济、改善民生、破解经济社会发展中的深层次矛盾和问题，促进香港、澳门长期繁荣稳定，支持香港、澳门更好融入国家发展大局，为实现中华民族伟大复兴更好发挥作用。\n坚持贯彻新时代党解决台湾问题的总体方略，坚定不移推进祖国统一大业。我们始终尊重、关爱、造福台湾同胞，继续致力于促进两岸经济文化交流合作，推动两岸共同弘扬中华文化，促进两岸同胞心灵契合。解决台湾问题是中国人自己的事，要由中国人来决定。我们坚持以最大诚意、尽最大努力争取和平统一的前景，但决不承诺放弃使用武力，保留采取一切必要措施的选项，这针对的是外部势力干涉和极少数“台独”分裂分子及其分裂活动，绝非针对广大台湾同胞。国家统一、民族复兴的历史车轮滚滚向前，祖国完全统一一定要实现，也一定能够实现！\n\n十四、促进世界和平与发展，推动构建人类命运共同体\n\n当前，世界之变、时代之变、历史之变正以前所未有的方式展开，人类社会面临前所未有的挑战。世界又一次站在历史的十字路口，何去何从取决于各国人民的抉择。\n\n中国始终坚持维护世界和平、促进共同发展的外交政策宗旨，致力于推动构建人类命运共同体。\n\n中国坚定奉行独立自主的和平外交政策，始终根据事情本身的是非曲直决定自己的立场和政策，维护国际关系基本准则，维护国际公平正义，坚决反对一切形式的霸权主义和强权政治，反对冷战思维，反对干涉别国内政，反对搞双重标准。中国永远不称霸、永远不搞扩张。\n\n中国坚持在和平共处五项原则基础上同各国发展友好合作，推动构建新型国际关系，深化拓展平等、开放、合作的全球伙伴关系，致力于扩大同各国利益的汇合点。秉持真实亲诚理念和正确义利观加强同发展中国家团结合作，维护发展中国家共同利益。\n\n中国坚持对外开放的基本国策，坚定奉行互利共赢的开放战略，不断以中国新发展为世界提供新机遇，推动建设开放型世界经济，更好惠及各国人民。中国坚持经济全球化正确方向，共同营造有利于发展的国际环境，共同培育全球发展新动能。中国积极参与全球治理体系改革和建设，坚持真正的多边主义，推进国际关系民主化，推动全球治理朝着更加公正合理的方向发展。\n\n中国提出了全球发展倡议、全球安全倡议，愿同国际社会一道努力落实。我们真诚呼吁，世界各国弘扬和平、发展、公平、正义、民主、自由的全人类共同价值，促进各国人民相知相亲，共同应对各种全球性挑战。中国人民愿同世界人民携手开创人类更加美好的未来！\n\n十五、坚定不移全面从严治党，深入推进新时代党的建设新的伟大工程\n\n全面建设社会主义现代化国家、全面推进中华民族伟大复兴，关键在党。我们党作为世界上最大的马克思主义执政党，要始终赢得人民拥护、巩固长期执政地位，必须时刻保持解决大党独有难题的清醒和坚定。全党必须牢记，全面从严治党永远在路上，党的自我革命永远在路上，决不能有松劲歇脚、疲劳厌战的情绪，必须持之以恒推进全面从严治党，深入推进新时代党的建设新的伟大工程，以党的自我革命引领社会革命。\n\n我们要落实新时代党的建设总要求，健全全面从严治党体系，全面推进党的自我净化、自我完善、自我革新、自我提高，使我们党坚守初心使命，始终成为中国特色社会主义事业的坚强领导核心。\n\n我们要坚持和加强党中央集中统一领导，健全总揽全局、协调各方的党的领导制度体系，完善党中央重大决策部署落实机制，确保全党在政治立场、政治方向、政治原则、政治道路上同党中央保持高度一致，确保党的团结统一。坚持不懈用新时代中国特色社会主义思想凝心铸魂，全面加强党的思想建设，加强理想信念教育，引导全党牢记党的宗旨，自觉做共产主义远大理想和中国特色社会主义共同理想的坚定信仰者和忠实实践者。完善党的自我革命制度规范体系，坚持制度治党、依规治党，健全党统一领导、全面覆盖、权威高效的监督体系，发挥政治巡视利剑作用，落实全面从严治党政治责任，用好问责利器。建设堪当民族复兴重任的高素质干部队伍，坚持德才兼备、以德为先、五湖四海、任人唯贤，树立选人用人正确导向，选拔忠诚干净担当的高素质专业化干部，选优配强各级领导班子，加强干部斗争精神和斗争本领养成，激励干部敢于担当、积极作为。增强党组织政治功能和组织功能，坚持大抓基层的鲜明导向，把基层党组织建设成为有效实现党的领导的坚强战斗堡垒，激励党员发挥先锋模范作用，保持党员队伍先进性和纯洁性。坚持以严的基调强化正风肃纪，锲而不舍落实中央八项规定精神，持续深化纠治“四风”，重点纠治形式主义、官僚主义，坚决破除特权思想和特权行为。坚决打赢反腐败斗争攻坚战持久战，腐败是危害党的生命力和战斗力的最大毒瘤，反腐败是最彻底的自我革命。只要存在腐败问题产生的土壤和条件，反腐败斗争就一刻不能停，必须永远吹冲锋号，坚持不敢腐、不能腐、不想腐一体推进，以零容忍态度反腐惩恶，决不姑息。\n\n同志们！时代呼唤着我们，人民期待着我们，唯有矢志不渝、笃行不怠，方能不负时代、不负人民。全党必须牢记，坚持党的全面领导是坚持和发展中国特色社会主义的必由之路，中国特色社会主义是实现中华民族伟大复兴的必由之路，团结奋斗是中国人民创造历史伟业的必由之路，贯彻新发展理念是新时代我国发展壮大的必由之路，全面从严治党是党永葆生机活力、走好新的赶考之路的必由之路。这是我们在长期实践中得出的至关紧要的规律性认识，必须倍加珍惜、始终坚持，咬定青山不放松，引领和保障中国特色社会主义巍巍巨轮乘风破浪、行稳致远。\n\n团结就是力量，团结才能胜利。全面建设社会主义现代化国家，必须充分发挥亿万人民的创造伟力。全党要坚持全心全意为人民服务的根本宗旨，树牢群众观点，贯彻群众路线，尊重人民首创精神，坚持一切为了人民、一切依靠人民，从群众中来、到群众中去，始终保持同人民群众的血肉联系，始终接受人民批评和监督，始终同人民同呼吸、共命运、心连心，不断巩固全国各族人民大团结，加强海内外中华儿女大团结，形成同心共圆中国梦的强大合力。\n\n青年强，则国家强。当代中国青年生逢其时，施展才干的舞台无比广阔，实现梦想的前景无比光明。全党要把青年工作作为战略性工作来抓，用党的科学理论武装青年，用党的初心使命感召青年，做青年朋友的知心人、青年工作的热心人、青年群众的引路人。广大青年要坚定不移听党话、跟党走，怀抱梦想又脚踏实地，敢想敢为又善作善成，立志做有理想、敢担当、能吃苦、肯奋斗的新时代好青年，让青春在全面建设社会主义现代化国家的火热实践中绽放绚丽之花。\n\n同志们！党用伟大奋斗创造了百年伟业，也一定能用新的伟大奋斗创造新的伟业。全党全军全国各族人民要紧密团结在党中央周围，牢记空谈误国、实干兴邦，坚定信心、同心同德，埋头苦干、奋勇前进，为全面建设社会主义现代化国家、全面推进中华民族伟大复兴而团结奋斗！', '重要讲话', '2022-10-25', 'https://www.mofcom.gov.cn/cms_files/filemanager/1077459795/picture/20237/0177a6c4f0a845d789f7c6560d06d5cd.jpg', NULL, '统筹推进重点任务落实，促进各项事业协同发展。', '制度建设,规范化管理', '习近平', 159, '1', '2026-03-18 20:04:03', '2026-04-13 13:16:00');

-- ----------------------------
-- Table structure for policy_comments
-- ----------------------------
DROP TABLE IF EXISTS `policy_comments`;
CREATE TABLE `policy_comments`  (
  `id` varchar(36) CHARACTER SET utf8mb4 COLLATE utf8mb4_0900_ai_ci NOT NULL COMMENT '评论ID',
  `policy_id` varchar(36) CHARACTER SET utf8mb4 COLLATE utf8mb4_0900_ai_ci NOT NULL COMMENT '政策ID',
  `user_id` varchar(36) CHARACTER SET utf8mb4 COLLATE utf8mb4_0900_ai_ci NOT NULL COMMENT '用户ID',
  `content` text CHARACTER SET utf8mb4 COLLATE utf8mb4_0900_ai_ci NOT NULL COMMENT '评论内容',
  `created_at` timestamp NULL DEFAULT CURRENT_TIMESTAMP COMMENT '评论时间',
  PRIMARY KEY (`id`) USING BTREE,
  INDEX `idx_policy_id`(`policy_id` ASC) USING BTREE,
  INDEX `idx_user_id`(`user_id` ASC) USING BTREE,
  CONSTRAINT `policy_comments_ibfk_1` FOREIGN KEY (`policy_id`) REFERENCES `policies` (`id`) ON DELETE CASCADE ON UPDATE RESTRICT,
  CONSTRAINT `policy_comments_ibfk_2` FOREIGN KEY (`user_id`) REFERENCES `users` (`id`) ON DELETE CASCADE ON UPDATE RESTRICT
) ENGINE = InnoDB CHARACTER SET = utf8mb4 COLLATE = utf8mb4_0900_ai_ci COMMENT = '政策评论表' ROW_FORMAT = Dynamic;

-- ----------------------------
-- Records of policy_comments
-- ----------------------------
INSERT INTO `policy_comments` VALUES ('49ee3741235ca3772b27a0a7c9660a0c', 'p1', '4', 'ff', '2026-03-22 17:42:34');
INSERT INTO `policy_comments` VALUES ('572197d69b9eb986787fa76e1ecf5513', 'p1', '8', 'yyy', '2026-03-23 14:07:49');
INSERT INTO `policy_comments` VALUES ('d4089f55a4fd75d72c79e72a75b2d68c', 'fb67ea58bd262eb0adc40be8865ada34', '2', '牛牛牛', '2026-04-12 17:43:52');
INSERT INTO `policy_comments` VALUES ('fb41fc59df00856ddfc253d4084dac58', 'p1', '8', 'f', '2026-03-23 14:11:37');
INSERT INTO `policy_comments` VALUES ('fbe9a2868f93c38d616fe792f8992157', '1441b83f8ea608415217235244769215', '2', '不错😆', '2026-04-13 13:37:08');

-- ----------------------------
-- Table structure for policy_favorites
-- ----------------------------
DROP TABLE IF EXISTS `policy_favorites`;
CREATE TABLE `policy_favorites`  (
  `id` varchar(36) CHARACTER SET utf8mb4 COLLATE utf8mb4_0900_ai_ci NOT NULL COMMENT '收藏ID',
  `user_id` varchar(36) CHARACTER SET utf8mb4 COLLATE utf8mb4_0900_ai_ci NOT NULL COMMENT '用户ID',
  `policy_id` varchar(36) CHARACTER SET utf8mb4 COLLATE utf8mb4_0900_ai_ci NOT NULL COMMENT '政策ID',
  `created_at` timestamp NULL DEFAULT CURRENT_TIMESTAMP COMMENT '收藏时间',
  PRIMARY KEY (`id`) USING BTREE,
  UNIQUE INDEX `uk_user_policy`(`user_id` ASC, `policy_id` ASC) USING BTREE,
  INDEX `idx_user_id`(`user_id` ASC) USING BTREE,
  INDEX `idx_policy_id`(`policy_id` ASC) USING BTREE,
  CONSTRAINT `policy_favorites_ibfk_1` FOREIGN KEY (`user_id`) REFERENCES `users` (`id`) ON DELETE CASCADE ON UPDATE RESTRICT,
  CONSTRAINT `policy_favorites_ibfk_2` FOREIGN KEY (`policy_id`) REFERENCES `policies` (`id`) ON DELETE CASCADE ON UPDATE RESTRICT
) ENGINE = InnoDB CHARACTER SET = utf8mb4 COLLATE = utf8mb4_0900_ai_ci COMMENT = '政策收藏表' ROW_FORMAT = Dynamic;

-- ----------------------------
-- Records of policy_favorites
-- ----------------------------
INSERT INTO `policy_favorites` VALUES ('6c644eda0ccfb4d54bcacbfce26bb2dc', '25', 'p1', '2026-04-01 20:54:47');
INSERT INTO `policy_favorites` VALUES ('dafc84c197c5f07176ede67fc4374e6a', '2', 'p1', '2026-04-01 23:20:12');
INSERT INTO `policy_favorites` VALUES ('pf3', '5', 'p1', '2026-03-18 20:04:03');

-- ----------------------------
-- Table structure for study_progress
-- ----------------------------
DROP TABLE IF EXISTS `study_progress`;
CREATE TABLE `study_progress`  (
  `id` varchar(36) CHARACTER SET utf8mb4 COLLATE utf8mb4_0900_ai_ci NOT NULL COMMENT '进度ID',
  `user_id` varchar(36) CHARACTER SET utf8mb4 COLLATE utf8mb4_0900_ai_ci NOT NULL COMMENT '用户ID',
  `resource_id` varchar(36) CHARACTER SET utf8mb4 COLLATE utf8mb4_0900_ai_ci NOT NULL COMMENT '资源ID',
  `progress` int NULL DEFAULT 0 COMMENT '学习进度（0-100）',
  `is_favorite` tinyint(1) NULL DEFAULT 0 COMMENT '是否收藏',
  `last_study_at` timestamp NULL DEFAULT NULL COMMENT '最后学习时间',
  `created_at` timestamp NULL DEFAULT CURRENT_TIMESTAMP COMMENT '创建时间',
  `updated_at` timestamp NULL DEFAULT CURRENT_TIMESTAMP ON UPDATE CURRENT_TIMESTAMP COMMENT '更新时间',
  `study_duration` int NULL DEFAULT 0 COMMENT '学习时长（秒）',
  PRIMARY KEY (`id`) USING BTREE,
  UNIQUE INDEX `uk_user_resource`(`user_id` ASC, `resource_id` ASC) USING BTREE,
  INDEX `idx_user_id`(`user_id` ASC) USING BTREE,
  INDEX `idx_resource_id`(`resource_id` ASC) USING BTREE,
  CONSTRAINT `study_progress_ibfk_1` FOREIGN KEY (`user_id`) REFERENCES `users` (`id`) ON DELETE CASCADE ON UPDATE RESTRICT,
  CONSTRAINT `study_progress_ibfk_2` FOREIGN KEY (`resource_id`) REFERENCES `study_resources` (`id`) ON DELETE CASCADE ON UPDATE RESTRICT
) ENGINE = InnoDB CHARACTER SET = utf8mb4 COLLATE = utf8mb4_0900_ai_ci COMMENT = '学习进度表' ROW_FORMAT = Dynamic;

-- ----------------------------
-- Records of study_progress
-- ----------------------------
INSERT INTO `study_progress` VALUES ('0651e239db1790acc009ad51d1ef2b4a', '1', '4e955e34a238b65ec32cd40cc5458f4b', 0, 0, '2026-03-29 18:46:38', '2026-03-29 18:46:38', '2026-03-29 18:46:38', 8);
INSERT INTO `study_progress` VALUES ('0696883de225055c17cbb9620a6972e4', '2', '62d56eda1e4ec9dec0f74b3e14e7f97e', 6, 0, '2026-04-01 23:25:22', '2026-03-31 09:46:30', '2026-03-31 09:46:30', 4);
INSERT INTO `study_progress` VALUES ('0dd3deffb0af4a2a3ab52c19019c4ca2', '2', '60550ca810f1ae7e9012f4e54c6e0a1b', 5, 0, '2026-04-13 13:39:39', '2026-04-13 13:39:39', '2026-04-13 13:39:39', 3);
INSERT INTO `study_progress` VALUES ('1d102bb77ab91e69df0b7f0061176bff', '2', '4e955e34a238b65ec32cd40cc5458f4b', 8, 0, '2026-04-12 18:30:49', '2026-03-23 13:29:18', '2026-03-23 13:29:18', 68);
INSERT INTO `study_progress` VALUES ('67bde79d6d177210ab7659bd71445986', '2', 'a5439a1db0dfd50edf66c83debd1b633', 45, 0, '2026-04-12 18:40:03', '2026-03-23 12:55:59', '2026-03-23 12:55:59', 275);
INSERT INTO `study_progress` VALUES ('68a4058346c6c202282c93e375f69950', '4', 'c8b7ac306ef906ffda6a4330d94c7e3c', 0, 0, '2026-04-13 18:12:07', '2026-04-13 18:12:07', '2026-04-13 18:12:07', 4);
INSERT INTO `study_progress` VALUES ('8df5cf11fa94d9f290885fac0a75ed0e', '2', '33708b2fc99439eeb8eb08dc82785927', 0, 1, '2026-04-13 17:56:55', '2026-04-13 16:28:46', '2026-04-13 16:28:46', 25);
INSERT INTO `study_progress` VALUES ('8e3de57f572b1f894945876a80e65597', '2', 'sr1', 1, 1, '2026-04-01 23:55:35', '2026-03-23 12:44:55', '2026-03-23 12:44:55', 40);
INSERT INTO `study_progress` VALUES ('a8dfba85322f44662067a722c1a6a1ae', '2', '698e23caf7e95d86aa8e2ddd824d508c', 2, 0, '2026-04-13 17:56:43', '2026-04-01 14:02:08', '2026-04-01 14:02:08', 11);
INSERT INTO `study_progress` VALUES ('c25199ea208d85e915d9d33b11445994', '1', 'a5439a1db0dfd50edf66c83debd1b633', 1, 0, '2026-03-28 19:56:30', '2026-03-28 19:56:30', '2026-03-28 19:56:30', 7);
INSERT INTO `study_progress` VALUES ('d124eb092615b0d87fa414bdb2150e76', '1', 'sr1', 0, 0, '2026-03-18 20:04:51', '2026-03-18 20:04:39', '2026-03-18 20:04:39', 12);
INSERT INTO `study_progress` VALUES ('e23bd9f2fa08f5d8a5a92d3fbbcba39b', '9', '44846d19de80b2c6ac9b4d12ef75f22e', 3, 1, '2026-03-31 19:26:32', '2026-03-31 19:26:30', '2026-03-31 19:26:30', 2);
INSERT INTO `study_progress` VALUES ('ead4a5395f804f671924fb86e51e8a11', '2', 'ed83eda3a4aa0b932e5af64791e1972d', 8, 0, '2026-04-01 23:38:22', '2026-04-01 23:38:21', '2026-04-01 23:38:21', 8);
INSERT INTO `study_progress` VALUES ('f6b98bb2e6a7c3f9b2e45d5d9b4f9ef5', '2', '44846d19de80b2c6ac9b4d12ef75f22e', 20, 0, '2026-04-13 13:39:33', '2026-03-30 22:34:18', '2026-03-30 22:34:18', 12);
INSERT INTO `study_progress` VALUES ('sp1', '4', 'sr1', 100, 1, '2026-03-23 12:42:43', '2026-03-18 20:04:03', '2026-03-18 20:04:03', 4004);
INSERT INTO `study_progress` VALUES ('sp3', '5', 'sr1', 75, 1, '2026-03-12 09:00:00', '2026-03-18 20:04:03', '2026-03-18 20:04:03', 0);

-- ----------------------------
-- Table structure for study_resources
-- ----------------------------
DROP TABLE IF EXISTS `study_resources`;
CREATE TABLE `study_resources`  (
  `id` varchar(36) CHARACTER SET utf8mb4 COLLATE utf8mb4_0900_ai_ci NOT NULL COMMENT '资源ID',
  `title` varchar(200) CHARACTER SET utf8mb4 COLLATE utf8mb4_0900_ai_ci NOT NULL COMMENT '标题',
  `type` enum('党史学习','专题学习') CHARACTER SET utf8mb4 COLLATE utf8mb4_0900_ai_ci NOT NULL COMMENT '类型',
  `parent_id` varchar(36) CHARACTER SET utf8mb4 COLLATE utf8mb4_0900_ai_ci NULL DEFAULT NULL COMMENT '父级资源ID，NULL表示顶级专题目录',
  `sort_order` int NOT NULL DEFAULT 0 COMMENT '排序序号，越小越靠前',
  `content` text CHARACTER SET utf8mb4 COLLATE utf8mb4_0900_ai_ci NOT NULL COMMENT '内容',
  `duration` int NOT NULL COMMENT '学习时长（分钟）',
  `image_url` varchar(500) CHARACTER SET utf8mb4 COLLATE utf8mb4_0900_ai_ci NULL DEFAULT NULL COMMENT '图片URL',
  `video_url` varchar(500) CHARACTER SET utf8mb4 COLLATE utf8mb4_0900_ai_ci NULL DEFAULT NULL COMMENT '视频URL',
  `created_by` varchar(36) CHARACTER SET utf8mb4 COLLATE utf8mb4_0900_ai_ci NULL DEFAULT NULL COMMENT '创建人ID',
  `created_at` timestamp NULL DEFAULT CURRENT_TIMESTAMP COMMENT '创建时间',
  `updated_at` timestamp NULL DEFAULT CURRENT_TIMESTAMP ON UPDATE CURRENT_TIMESTAMP COMMENT '更新时间',
  PRIMARY KEY (`id`) USING BTREE,
  INDEX `idx_type`(`type` ASC) USING BTREE,
  INDEX `created_by`(`created_by` ASC) USING BTREE,
  INDEX `idx_parent_id`(`parent_id` ASC) USING BTREE,
  INDEX `idx_sort_order`(`sort_order` ASC) USING BTREE,
  CONSTRAINT `study_resources_ibfk_1` FOREIGN KEY (`created_by`) REFERENCES `users` (`id`) ON DELETE SET NULL ON UPDATE RESTRICT,
  CONSTRAINT `study_resources_ibfk_2` FOREIGN KEY (`parent_id`) REFERENCES `study_resources` (`id`) ON DELETE CASCADE ON UPDATE RESTRICT
) ENGINE = InnoDB CHARACTER SET = utf8mb4 COLLATE = utf8mb4_0900_ai_ci COMMENT = '学习资源表' ROW_FORMAT = Dynamic;

-- ----------------------------
-- Records of study_resources
-- ----------------------------
INSERT INTO `study_resources` VALUES ('0a7f8e906638d16927026ab655df0df0', '第6集：大海纳百川', '专题学习', 'f57ff45055a6bba2337b16cbd95c8b0c', 0, '第6集：大海纳百川', 60, 'https://www.dswxyjy.org.cn/NMediaFile/2019/0716/MAIN201907161128000001882171634.jpg', 'https://mr.people.cn/appstatic/pcmp/20231221/0b96477df4075cc1b3ee73277165e2ffarctrans.mp4', NULL, '2026-04-13 18:00:52', '2026-04-13 18:00:52');
INSERT INTO `study_resources` VALUES ('171ea3f97c12ba2a15858adab862690e', '第8集：放眼世界', '专题学习', 'f57ff45055a6bba2337b16cbd95c8b0c', 0, '第8集：放眼世界', 60, 'https://www.dswxyjy.org.cn/NMediaFile/2019/0716/MAIN201907161124000401229945789.jpg', 'https://mr.people.cn/appstatic/pcmp/20231221/0b4c017735c4b1f32605db5a27f058d5arctrans.mp4', NULL, '2026-04-13 18:01:55', '2026-04-13 18:01:55');
INSERT INTO `study_resources` VALUES ('1df9a546475d6e4b7534b0d5e1bfbe31', '第9集：独领风骚', '专题学习', 'f57ff45055a6bba2337b16cbd95c8b0c', 0, '第9集：独领风骚', 60, 'https://www.dswxyjy.org.cn/NMediaFile/2019/0716/MAIN201907161123000338555334658.jpg', 'https://mr.people.cn/appstatic/pcmp/20231221/0bb26f54e97f2a9c071647b73ccf747farctrans.mp4', NULL, '2026-04-13 18:02:21', '2026-04-13 18:02:21');
INSERT INTO `study_resources` VALUES ('294ddb9d28e01af42fe65c58d27017b8', '电视文献片《周恩来》', '专题学习', NULL, 0, '12 集文献片，中央文献研究室与央视联合摄制，以珍贵史料结合宏观叙事与细节写真，展现周恩来作为开国总理 26 年的勤政为民与伟大一生。', 0, 'https://www.dswxyjy.org.cn/NMediaFile/2019/0815/MAIN201908151508261311543831748.jpg', NULL, '2', '2026-04-13 18:26:15', '2026-04-13 18:26:15');
INSERT INTO `study_resources` VALUES ('33708b2fc99439eeb8eb08dc82785927', '第1集：丰碑在人民心中', '专题学习', 'f57ff45055a6bba2337b16cbd95c8b0c', 0, '第1集：丰碑在人民心中', 60, 'https://www.dswxyjy.org.cn/NMediaFile/2019/0716/MAIN201907161045000241285766132.jpg', 'https://mr.people.cn/appstatic/pcmp/20231220/0b7b32f6d31731c51aa1bc55b81b88afarctrans.mp4', '2', '2026-04-13 16:28:38', '2026-04-13 17:31:51');
INSERT INTO `study_resources` VALUES ('3391a4eb51a395edf07520a03494311e', '第2集：历史的选择', '专题学习', 'f57ff45055a6bba2337b16cbd95c8b0c', 0, '第2集：历史的选择', 60, 'https://www.dswxyjy.org.cn/NMediaFile/2019/0716/MAIN201907161421000341114237101.jpg', 'https://mr.people.cn/appstatic/pcmp/20231220/0ba425cd17c02d5db43e17aa397e9573arctrans.mp4', NULL, '2026-04-13 17:58:33', '2026-04-13 17:58:33');
INSERT INTO `study_resources` VALUES ('44846d19de80b2c6ac9b4d12ef75f22e', '7', '党史学习', NULL, 0, '11', 1, 'https://trae-api-cn.mchost.guru/api/ide/v1/text_to_image?prompt=study%20resource%20placeholder&image_size=square', NULL, NULL, '2026-03-30 21:26:17', '2026-03-30 21:26:17');
INSERT INTO `study_resources` VALUES ('4e955e34a238b65ec32cd40cc5458f4b', '守正创新再出发\n曲青山：习近平文化思想的里程碑意义（下集）', '党史学习', NULL, 0, '举旗定向、正本清源，守正创新、开拓进取。   \n\n党的十八大以来，党的宣传思想文化事业取得历史性成就，发生历史性变革。   \n\n党的二十届三中全会，再一次吹响了奋进号角。   \n\n深入学习宣传贯彻习近平文化思想，勇担新时代的文化使命', 14, 'https://www.dswxyjy.org.cn/NMediaFile/2025/0421/MAIN1745229254495U28CIKHK7J.jpg', 'https://mr.people.cn/appstatic/pcmp/20250421/0b35a7738674246875af39d8f2bc73c6arctrans.mp4', NULL, '2026-03-23 13:26:30', '2026-03-23 13:26:30');
INSERT INTO `study_resources` VALUES ('533bfa2be40a168f4c44db13db31326e', '第4集：艰难的探索', '专题学习', 'f57ff45055a6bba2337b16cbd95c8b0c', 0, '第4集：艰难的探索', 60, 'https://www.dswxyjy.org.cn/NMediaFile/2019/0716/MAIN201907161418000109367658530.jpg', 'https://mr.people.cn/appstatic/pcmp/20231221/0b357cba9ea8b2843d883632551420f6arctrans.mp4', NULL, '2026-04-13 17:59:35', '2026-04-13 17:59:35');
INSERT INTO `study_resources` VALUES ('60550ca810f1ae7e9012f4e54c6e0a1b', '2', '党史学习', NULL, 0, '1', 1, 'https://trae-api-cn.mchost.guru/api/ide/v1/text_to_image?prompt=study%20resource%20placeholder&image_size=square', NULL, NULL, '2026-03-30 21:25:12', '2026-03-30 21:25:12');
INSERT INTO `study_resources` VALUES ('62d56eda1e4ec9dec0f74b3e14e7f97e', '4', '党史学习', NULL, 0, '1', 1, 'https://trae-api-cn.mchost.guru/api/ide/v1/text_to_image?prompt=study%20resource%20placeholder&image_size=square', NULL, NULL, '2026-03-30 21:25:39', '2026-03-30 21:25:39');
INSERT INTO `study_resources` VALUES ('698e23caf7e95d86aa8e2ddd824d508c', '8', '党史学习', NULL, 0, '8', 8, 'https://trae-api-cn.mchost.guru/api/ide/v1/text_to_image?prompt=study%20resource%20placeholder&image_size=square', NULL, NULL, '2026-03-30 21:47:45', '2026-03-30 21:47:45');
INSERT INTO `study_resources` VALUES ('7535cee00ebc352bb63a9dfefe25bcdb', '1', '党史学习', NULL, 0, '1', 1, 'https://trae-api-cn.mchost.guru/api/ide/v1/text_to_image?prompt=study%20resource%20placeholder&image_size=square', NULL, NULL, '2026-03-30 21:24:59', '2026-03-30 21:24:59');
INSERT INTO `study_resources` VALUES ('7914d7c52064fb1c85484e10d7b66384', '第11集：领袖家风', '专题学习', 'f57ff45055a6bba2337b16cbd95c8b0c', 0, '第11集：领袖家风', 60, 'https://www.dswxyjy.org.cn/NMediaFile/2019/0716/MAIN201907161119000574467383471.jpg', 'https://mr.people.cn/appstatic/pcmp/20231221/0be0316a73ad20928d84f8819a1428fdarctrans.mp4', NULL, '2026-04-13 18:03:07', '2026-04-13 18:03:07');
INSERT INTO `study_resources` VALUES ('9eac3b31b89e94782a9ae363ae01d32f', '第10集：到中流击水', '专题学习', 'f57ff45055a6bba2337b16cbd95c8b0c', 0, '第10集：到中流击水', 60, 'https://www.dswxyjy.org.cn/NMediaFile/2019/0716/MAIN201907161122000109725260749.jpg', 'https://mr.people.cn/appstatic/pcmp/20231221/0b905e97d05a30abde220e75e143bacbarctrans.mp4', NULL, '2026-04-13 18:02:47', '2026-04-13 18:02:47');
INSERT INTO `study_resources` VALUES ('a5439a1db0dfd50edf66c83debd1b633', '守正创新再出发丨曲青山：习近平文化思想的里程碑意义', '党史学习', NULL, 0, '举旗定向、正本清源，守正创新、开拓进取。   \n\n党的十八大以来，党的宣传思想文化事业取得历史性成就，发生历史性变革。   \n\n党的二十届三中全会，再一次吹响了奋进号角。   \n\n深入学习宣传贯彻习近平文化思想，勇担新时代的文化使命。', 10, 'https://www.dswxyjy.org.cn/NMediaFile/2025/0421/MAIN1745229254495U28CIKHK7J.jpg', 'https://mr.people.cn/appstatic/pcmp/20250421/0b3364676467d3fe1aa584ab8587b6d1arctrans.mp4', NULL, '2026-03-23 12:55:32', '2026-03-23 12:55:32');
INSERT INTO `study_resources` VALUES ('ad0c93746e31a55308c811e64cee12de', '3', '党史学习', NULL, 0, '1', 1, 'https://trae-api-cn.mchost.guru/api/ide/v1/text_to_image?prompt=study%20resource%20placeholder&image_size=square', NULL, NULL, '2026-03-30 21:25:26', '2026-03-30 21:25:26');
INSERT INTO `study_resources` VALUES ('adf0da9af092553a97b983014f844f99', '第7集：胸中百万兵', '专题学习', 'f57ff45055a6bba2337b16cbd95c8b0c', 0, '第7集：胸中百万兵', 60, 'https://www.dswxyjy.org.cn/NMediaFile/2019/0716/MAIN201907161126000389701759156.jpg', 'https://mr.people.cn/appstatic/pcmp/20231220/0bed4dbfb8f00febab2c535ccfd74f82arctrans.mp4', NULL, '2026-04-13 18:01:30', '2026-04-13 18:01:30');
INSERT INTO `study_resources` VALUES ('b078d7ceb0bc31b738163bcf82575a3e', '1', '党史学习', NULL, 0, '11', 1, '1', NULL, NULL, '2026-04-13 16:23:13', '2026-04-13 16:23:13');
INSERT INTO `study_resources` VALUES ('b0f93e3a09442fce3388449065c3847c', '6', '党史学习', NULL, 0, 'tt', 1, 'https://trae-api-cn.mchost.guru/api/ide/v1/text_to_image?prompt=study%20resource%20placeholder&image_size=square', NULL, NULL, '2026-03-30 21:26:08', '2026-03-30 21:26:08');
INSERT INTO `study_resources` VALUES ('b4a9fe0699f1315779059144883bda42', '第3集：曲折之路', '专题学习', 'f57ff45055a6bba2337b16cbd95c8b0c', 0, '第3集：曲折之路', 60, 'https://www.dswxyjy.org.cn/NMediaFile/2019/0716/MAIN201907161419000435777018308.jpg', 'https://mr.people.cn/appstatic/pcmp/20231220/0b7523c4cdf450f608ba11b03ea3916earctrans.mp4', NULL, '2026-04-13 17:59:07', '2026-04-13 17:59:07');
INSERT INTO `study_resources` VALUES ('c8b7ac306ef906ffda6a4330d94c7e3c', '第12集：晚年岁月', '专题学习', 'f57ff45055a6bba2337b16cbd95c8b0c', 0, '第12集：晚年岁月', 60, 'https://www.dswxyjy.org.cn/NMediaFile/2019/0716/MAIN201907161103000102337472487.jpg', 'https://mr.people.cn/appstatic/pcmp/20231221/0bfc2c701a0a98a3418f935c3de3247farctrans.mp4', NULL, '2026-04-13 18:03:33', '2026-04-13 18:03:33');
INSERT INTO `study_resources` VALUES ('dca8a3c22589a06ddb70671c4fa3e849', '第5集：书山有路', '专题学习', 'f57ff45055a6bba2337b16cbd95c8b0c', 0, '第5集：书山有路', 60, 'https://www.dswxyjy.org.cn/NMediaFile/2019/0716/MAIN201907161129000081138426594.jpg', 'https://mr.people.cn/appstatic/pcmp/20231220/0b0864afd54b74605aca69eea05a3caearctrans.mp4', NULL, '2026-04-13 18:00:20', '2026-04-13 18:00:20');
INSERT INTO `study_resources` VALUES ('ed83eda3a4aa0b932e5af64791e1972d', '5', '党史学习', NULL, 0, 'y', 1, 'https://trae-api-cn.mchost.guru/api/ide/v1/text_to_image?prompt=study%20resource%20placeholder&image_size=square', NULL, NULL, '2026-03-30 21:25:52', '2026-03-30 21:25:52');
INSERT INTO `study_resources` VALUES ('f57ff45055a6bba2337b16cbd95c8b0c', '文献纪录片《毛泽东》', '专题学习', NULL, 0, '1983 年中央新闻纪录电影制片厂摄制，大型传记体文献片，以纪实与政论结合，用珍贵影像展现毛泽东作为党、军队和新中国主要缔造者的光辉一生。', 0, 'https://www.dswxyjy.org.cn/NMediaFile/2019/0815/MAIN201908151511263884870245183.jpg', NULL, '2', '2026-04-13 16:27:52', '2026-04-13 18:09:32');
INSERT INTO `study_resources` VALUES ('sr1', '党史学习入门', '党史学习', NULL, 0, '党史基础知识学习材料', 60, 'https://trae-api-cn.mchost.guru/api/ide/v1/text_to_image?prompt=party%20history%20study&image_size=landscape_16_9', NULL, '1', '2026-03-18 20:04:03', '2026-03-18 20:04:03');

-- ----------------------------
-- Table structure for users
-- ----------------------------
DROP TABLE IF EXISTS `users`;
CREATE TABLE `users`  (
  `id` varchar(36) CHARACTER SET utf8mb4 COLLATE utf8mb4_0900_ai_ci NOT NULL COMMENT '用户ID',
  `username` varchar(50) CHARACTER SET utf8mb4 COLLATE utf8mb4_0900_ai_ci NOT NULL COMMENT '用户名',
  `password` varchar(255) CHARACTER SET utf8mb4 COLLATE utf8mb4_0900_ai_ci NOT NULL COMMENT '密码（加密存储）',
  `name` varchar(50) CHARACTER SET utf8mb4 COLLATE utf8mb4_0900_ai_ci NOT NULL COMMENT '姓名',
  `role` enum('admin','branch_admin','member') CHARACTER SET utf8mb4 COLLATE utf8mb4_0900_ai_ci NOT NULL DEFAULT 'member' COMMENT '角色',
  `party_id` varchar(50) CHARACTER SET utf8mb4 COLLATE utf8mb4_0900_ai_ci NOT NULL COMMENT '党员编号',
  `branch` varchar(100) CHARACTER SET utf8mb4 COLLATE utf8mb4_0900_ai_ci NULL DEFAULT NULL COMMENT '所在支部',
  `join_date` date NOT NULL COMMENT '入党日期',
  `registration_date` datetime NOT NULL DEFAULT CURRENT_TIMESTAMP COMMENT '注册日期',
  `phone` varchar(20) CHARACTER SET utf8mb4 COLLATE utf8mb4_0900_ai_ci NOT NULL COMMENT '手机号',
  `email` varchar(100) CHARACTER SET utf8mb4 COLLATE utf8mb4_0900_ai_ci NOT NULL COMMENT '邮箱',
  `avatar` varchar(500) CHARACTER SET utf8mb4 COLLATE utf8mb4_0900_ai_ci NULL DEFAULT NULL,
  `created_at` timestamp NULL DEFAULT CURRENT_TIMESTAMP COMMENT '创建时间',
  `updated_at` timestamp NULL DEFAULT CURRENT_TIMESTAMP ON UPDATE CURRENT_TIMESTAMP COMMENT '更新时间',
  `dues_amount` decimal(10, 2) NULL DEFAULT 0.60 COMMENT '每日党费金额',
  PRIMARY KEY (`id`) USING BTREE,
  UNIQUE INDEX `username`(`username` ASC) USING BTREE,
  INDEX `idx_username`(`username` ASC) USING BTREE,
  INDEX `idx_branch`(`branch` ASC) USING BTREE,
  INDEX `idx_role`(`role` ASC) USING BTREE
) ENGINE = InnoDB CHARACTER SET = utf8mb4 COLLATE = utf8mb4_0900_ai_ci COMMENT = '用户表' ROW_FORMAT = Dynamic;

-- ----------------------------
-- Records of users
-- ----------------------------
INSERT INTO `users` VALUES ('1', 'admin', '$2a$10$eWxp7YAAGAbod2Ot8zVZV.3RtDvdJjnsPZrzj2P6yHHNknfNtgZvW', '系统管理员', 'admin', 'P001', '党委', '2020-01-01', '2020-01-01 00:00:00', '13800138001', 'admin@example.com', 'https://tse1-mm.cn.bing.net/th/id/OIP-C.DwOHF64Zec-lR4xp0-_aGQAAAA?w=180&h=180&c=7&r=0&o=7&dpr=1.5&pid=1.7&rm=3', '2026-03-18 20:04:03', '2026-03-25 10:49:35', 0.60);
INSERT INTO `users` VALUES ('10', 'member10', '$2a$10$.PNdBOJHj9VahAVjubxnTen7RXGGYMFwMob./nr4J/8qZ3t2zARqG', '王小芳', 'member', 'J001', '第一党支部', '2020-10-01', '2020-10-01 00:00:00', '13800138010', 'user_j@example.com', NULL, '2026-03-31 19:18:41', '2026-03-31 19:24:11', 10.00);
INSERT INTO `users` VALUES ('11', 'member11', '$2a$10$.PNdBOJHj9VahAVjubxnTen7RXGGYMFwMob./nr4J/8qZ3t2zARqG', '刘小华', 'member', 'K001', '第一党支部', '2020-11-01', '2020-11-01 00:00:00', '13800138011', 'user_k@example.com', NULL, '2026-03-31 19:18:41', '2026-03-31 19:24:11', 10.00);
INSERT INTO `users` VALUES ('12', 'member12', '$2a$10$.PNdBOJHj9VahAVjubxnTen7RXGGYMFwMob./nr4J/8qZ3t2zARqG', '陈小东', 'member', 'L001', NULL, '2020-12-01', '2020-12-01 00:00:00', '13800138012', 'user_l@example.com', NULL, '2026-03-31 19:18:41', '2026-04-01 21:51:40', 10.00);
INSERT INTO `users` VALUES ('13', 'member13', '$2a$10$.PNdBOJHj9VahAVjubxnTen7RXGGYMFwMob./nr4J/8qZ3t2zARqG', '林小燕', 'member', 'M001', '第一党支部', '2021-01-01', '2021-01-01 00:00:00', '13800138013', 'user_m@example.com', NULL, '2026-03-31 19:18:41', '2026-03-31 19:24:11', 10.00);
INSERT INTO `users` VALUES ('14', 'member14', '$2a$10$.PNdBOJHj9VahAVjubxnTen7RXGGYMFwMob./nr4J/8qZ3t2zARqG', '黄小丽', 'member', 'N001', '第一党支部', '2021-02-01', '2021-02-01 00:00:00', '13800138014', 'user_n@example.com', NULL, '2026-03-31 19:18:41', '2026-03-31 19:24:11', 10.00);
INSERT INTO `users` VALUES ('15', 'member15', '$2a$10$.PNdBOJHj9VahAVjubxnTen7RXGGYMFwMob./nr4J/8qZ3t2zARqG', '杨小伟', 'member', 'O001', '第一党支部', '2021-03-01', '2021-03-01 00:00:00', '13800138015', 'user_o@example.com', NULL, '2026-03-31 19:18:41', '2026-03-31 19:24:11', 10.00);
INSERT INTO `users` VALUES ('16', 'member16', '$2a$10$.PNdBOJHj9VahAVjubxnTen7RXGGYMFwMob./nr4J/8qZ3t2zARqG', '马小婷', 'member', 'P001', '第一党支部', '2021-04-01', '2021-04-01 00:00:00', '13800138016', 'user_p@example.com', NULL, '2026-03-31 19:18:41', '2026-03-31 19:24:11', 10.00);
INSERT INTO `users` VALUES ('17', 'member17', '$2a$10$.PNdBOJHj9VahAVjubxnTen7RXGGYMFwMob./nr4J/8qZ3t2zARqG', '朱小龙', 'member', 'Q001', '第一党支部', '2021-05-01', '2021-05-01 00:00:00', '13800138017', 'user_q@example.com', NULL, '2026-03-31 19:18:41', '2026-03-31 19:24:11', 10.00);
INSERT INTO `users` VALUES ('18', 'member18', '$2a$10$.PNdBOJHj9VahAVjubxnTen7RXGGYMFwMob./nr4J/8qZ3t2zARqG', '胡小芳', 'member', 'R001', '第一党支部', '2021-06-01', '2021-06-01 00:00:00', '13800138018', 'user_r@example.com', NULL, '2026-03-31 19:18:41', '2026-03-31 19:24:11', 10.00);
INSERT INTO `users` VALUES ('19', 'member19', '$2a$10$.PNdBOJHj9VahAVjubxnTen7RXGGYMFwMob./nr4J/8qZ3t2zARqG', '郭小华', 'member', 'S001', '第一党支部', '2021-07-01', '2021-07-01 00:00:00', '13800138019', 'user_s@example.com', NULL, '2026-03-31 19:18:41', '2026-03-31 19:24:11', 10.00);
INSERT INTO `users` VALUES ('2', 'branch_admin1', '$2a$10$msH5RxcXOJ1S.b9P8ilh/uGxzwYKenQe1KX96eKJvSRG3erE3XUPC', '第一支部管理员', 'branch_admin', 'P002', '第一党支部', '2020-02-01', '2020-02-01 00:00:00', '13800138009', 'branch1@example.com', 'https://s1.aigei.com/src/img/png/14/141ef919be0943a88701c0693471b09e.png?imageMogr2/auto-orient/thumbnail/!282x282r/gravity/Center/crop/282x282/quality/85/%7CimageView2/2/w/282&e=2051020800&token=P7S2Xpzfz11vAkASLTkfHN7Fw-oOZBecqeJaxypL:vMzBohrKoYn3Ss14rhzj0OxuYzg=', '2026-03-18 20:04:03', '2026-03-25 20:38:55', 0.70);
INSERT INTO `users` VALUES ('20', 'member20', '$2a$10$.PNdBOJHj9VahAVjubxnTen7RXGGYMFwMob./nr4J/8qZ3t2zARqG', '何小东', 'member', 'T001', '第一党支部', '2021-08-01', '2021-08-01 00:00:00', '13800138020', 'user_t@example.com', NULL, '2026-03-31 19:18:41', '2026-03-31 19:24:11', 10.00);
INSERT INTO `users` VALUES ('21', 'member21', '$2a$10$.PNdBOJHj9VahAVjubxnTen7RXGGYMFwMob./nr4J/8qZ3t2zARqG', '高小燕', 'member', 'U001', '第一党支部', '2021-09-01', '2021-09-01 00:00:00', '13800138021', 'user_u@example.com', NULL, '2026-03-31 19:18:41', '2026-03-31 19:24:11', 10.00);
INSERT INTO `users` VALUES ('22', 'member22', '$2a$10$.PNdBOJHj9VahAVjubxnTen7RXGGYMFwMob./nr4J/8qZ3t2zARqG', '罗小丽', 'member', 'V001', '第一党支部', '2021-10-01', '2021-10-01 00:00:00', '13800138022', 'user_v@example.com', NULL, '2026-03-31 19:18:41', '2026-03-31 19:24:11', 10.00);
INSERT INTO `users` VALUES ('23', 'member23', '$2a$10$.PNdBOJHj9VahAVjubxnTen7RXGGYMFwMob./nr4J/8qZ3t2zARqG', '梁小伟', 'member', 'W001', '第一党支部', '2021-11-01', '2021-11-01 00:00:00', '13800138023', 'user_w@example.com', NULL, '2026-03-31 19:18:41', '2026-03-31 19:24:11', 10.00);
INSERT INTO `users` VALUES ('24', 'member24', '$2a$10$.PNdBOJHj9VahAVjubxnTen7RXGGYMFwMob./nr4J/8qZ3t2zARqG', '谢小婷', 'member', 'X001', '第一党支部', '2021-12-01', '2021-12-01 00:00:00', '13800138024', 'user_x@example.com', NULL, '2026-03-31 19:18:41', '2026-03-31 19:24:11', 10.00);
INSERT INTO `users` VALUES ('25', 'member25', '$2a$10$sVHeQS5cPwrMJZoKme.wEuv6P3guxLc20N9JEBUb5hPIdwwMaKAfi', '宋小龙', 'member', 'Y001', '第一党支部', '2022-01-01', '2022-01-01 00:00:00', '13800138023', 'user_y@example.com', NULL, '2026-03-31 19:18:41', '2026-04-01 20:57:04', 10.00);
INSERT INTO `users` VALUES ('26', 'member26', '$2a$10$.PNdBOJHj9VahAVjubxnTen7RXGGYMFwMob./nr4J/8qZ3t2zARqG', '唐小芳', 'member', 'Z001', '第一党支部', '2022-02-01', '2022-02-01 00:00:00', '13800138026', 'user_z@example.com', NULL, '2026-03-31 19:18:41', '2026-03-31 19:24:11', 10.00);
INSERT INTO `users` VALUES ('27', 'member27', '$2a$10$.PNdBOJHj9VahAVjubxnTen7RXGGYMFwMob./nr4J/8qZ3t2zARqG', '王小花', 'member', 'A002', '第一党支部', '2022-03-01', '2022-03-01 00:00:00', '13800138027', 'user_aa@example.com', NULL, '2026-03-31 19:18:41', '2026-03-31 19:24:11', 10.00);
INSERT INTO `users` VALUES ('28', 'member28', '$2a$10$.PNdBOJHj9VahAVjubxnTen7RXGGYMFwMob./nr4J/8qZ3t2zARqG', '李小花', 'member', 'B002', '第一党支部', '2022-04-01', '2022-04-01 00:00:00', '13800138028', 'user_bb@example.com', NULL, '2026-03-31 19:18:41', '2026-03-31 19:24:11', 10.00);
INSERT INTO `users` VALUES ('29', 'member29', '$2a$10$.PNdBOJHj9VahAVjubxnTen7RXGGYMFwMob./nr4J/8qZ3t2zARqG', '张小明', 'member', 'C002', '第一党支部', '2022-05-01', '2022-05-01 00:00:00', '13800138029', 'user_cc@example.com', NULL, '2026-03-31 19:18:41', '2026-03-31 19:24:11', 10.00);
INSERT INTO `users` VALUES ('3', 'branch_admin2', '$2a$10$msH5RxcXOJ1S.b9P8ilh/uGxzwYKenQe1KX96eKJvSRG3erE3XUPC', '第二支部管理员', 'branch_admin', 'P003', '第二党支部', '2020-03-01', '2020-03-01 00:00:00', '13800138003', 'branch2@example.com', '', '2026-03-18 20:04:03', '2026-03-23 14:00:20', 0.60);
INSERT INTO `users` VALUES ('30', 'member30', '$2a$10$.PNdBOJHj9VahAVjubxnTen7RXGGYMFwMob./nr4J/8qZ3t2zARqG', '赵小明', 'member', 'D002', '第一党支部', '2022-06-01', '2022-06-01 00:00:00', '13800138030', 'user_dd@example.com', NULL, '2026-03-31 19:18:41', '2026-03-31 19:24:11', 10.00);
INSERT INTO `users` VALUES ('31', 'member31', '$2a$10$.PNdBOJHj9VahAVjubxnTen7RXGGYMFwMob./nr4J/8qZ3t2zARqG', '钱小明', 'member', 'E002', '第一党支部', '2022-07-01', '2022-07-01 00:00:00', '13800138031', 'user_ee@example.com', NULL, '2026-03-31 19:18:41', '2026-03-31 19:24:11', 10.00);
INSERT INTO `users` VALUES ('32', 'member32', '$2a$10$.PNdBOJHj9VahAVjubxnTen7RXGGYMFwMob./nr4J/8qZ3t2zARqG', '孙小明', 'member', 'F002', '第一党支部', '2022-08-01', '2022-08-01 00:00:00', '13800138032', 'user_ff@example.com', NULL, '2026-03-31 19:18:41', '2026-03-31 19:24:11', 10.00);
INSERT INTO `users` VALUES ('33', 'member33', '$2a$10$.PNdBOJHj9VahAVjubxnTen7RXGGYMFwMob./nr4J/8qZ3t2zARqG', '周小明', 'member', 'G002', '第一党支部', '2022-09-01', '2022-09-01 00:00:00', '13800138033', 'user_gg@example.com', NULL, '2026-03-31 19:18:41', '2026-03-31 19:24:11', 10.00);
INSERT INTO `users` VALUES ('34', 'member34', '$2a$10$.PNdBOJHj9VahAVjubxnTen7RXGGYMFwMob./nr4J/8qZ3t2zARqG', '吴小明', 'member', 'H002', '第一党支部', '2022-10-01', '2022-10-01 00:00:00', '13800138034', 'user_hh@example.com', NULL, '2026-03-31 19:18:41', '2026-03-31 19:24:11', 10.00);
INSERT INTO `users` VALUES ('35', 'member35', '$2a$10$.PNdBOJHj9VahAVjubxnTen7RXGGYMFwMob./nr4J/8qZ3t2zARqG', '郑小明', 'member', 'I002', '第一党支部', '2022-11-01', '2022-11-01 00:00:00', '13800138035', 'user_ii@example.com', NULL, '2026-03-31 19:18:41', '2026-03-31 19:24:11', 10.00);
INSERT INTO `users` VALUES ('36', 'member36', '$2a$10$.PNdBOJHj9VahAVjubxnTen7RXGGYMFwMob./nr4J/8qZ3t2zARqG', '王小明', 'member', 'J002', '第一党支部', '2022-12-01', '2022-12-01 00:00:00', '13800138036', 'user_jj@example.com', NULL, '2026-03-31 19:18:41', '2026-03-31 19:24:11', 10.00);
INSERT INTO `users` VALUES ('37', 'member37', '$2a$10$.PNdBOJHj9VahAVjubxnTen7RXGGYMFwMob./nr4J/8qZ3t2zARqG', '刘小明', 'member', 'K002', '第一党支部', '2023-01-01', '2023-01-01 00:00:00', '13800138037', 'user_kk@example.com', NULL, '2026-03-31 19:18:41', '2026-03-31 19:24:11', 10.00);
INSERT INTO `users` VALUES ('38', 'member38', '$2a$10$.PNdBOJHj9VahAVjubxnTen7RXGGYMFwMob./nr4J/8qZ3t2zARqG', '陈小明', 'member', 'L002', '第一党支部', '2023-02-01', '2023-02-01 00:00:00', '13800138038', 'user_ll@example.com', NULL, '2026-03-31 19:18:41', '2026-03-31 19:24:11', 10.00);
INSERT INTO `users` VALUES ('39', 'member39', '$2a$10$.PNdBOJHj9VahAVjubxnTen7RXGGYMFwMob./nr4J/8qZ3t2zARqG', '林小明', 'member', 'M002', '第一党支部', '2023-03-01', '2023-03-01 00:00:00', '13800138039', 'user_mm@example.com', NULL, '2026-03-31 19:18:41', '2026-03-31 19:24:11', 10.00);
INSERT INTO `users` VALUES ('4', 'member1', '$2a$10$.PNdBOJHj9VahAVjubxnTen7RXGGYMFwMob./nr4J/8qZ3t2zARqG', '张三', 'member', 'P004', '第一党支部', '2020-04-01', '2020-04-01 00:00:00', '13800138004', 'member1@example.com', 'https://ts1.tc.mm.bing.net/th/id/OIP-C.usJ6wLxeHm0K6XYCHUAoegAAAA?w=193&h=193&c=8&rs=1&qlt=90&o=6&dpr=1.5&pid=3.1&rm=2', '2026-03-18 20:04:03', '2026-03-23 14:13:07', 0.60);
INSERT INTO `users` VALUES ('40', 'member40', '$2a$10$.PNdBOJHj9VahAVjubxnTen7RXGGYMFwMob./nr4J/8qZ3t2zARqG', '黄小明', 'member', 'N002', '第一党支部', '2023-04-01', '2023-04-01 00:00:00', '13800138040', 'user_nn@example.com', NULL, '2026-03-31 19:18:41', '2026-03-31 19:24:11', 10.00);
INSERT INTO `users` VALUES ('41', 'member41', '$2a$10$.PNdBOJHj9VahAVjubxnTen7RXGGYMFwMob./nr4J/8qZ3t2zARqG', '杨小明', 'member', 'O002', '第一党支部', '2023-05-01', '2023-05-01 00:00:00', '13800138041', 'user_oo@example.com', NULL, '2026-03-31 19:18:41', '2026-03-31 19:24:11', 10.00);
INSERT INTO `users` VALUES ('42', 'member42', '$2a$10$.PNdBOJHj9VahAVjubxnTen7RXGGYMFwMob./nr4J/8qZ3t2zARqG', '马小明', 'member', 'P002', '第一党支部', '2023-06-01', '2023-06-01 00:00:00', '13800138042', 'user_pp@example.com', NULL, '2026-03-31 19:18:41', '2026-03-31 19:24:11', 10.00);
INSERT INTO `users` VALUES ('43', 'member43', '$2a$10$.PNdBOJHj9VahAVjubxnTen7RXGGYMFwMob./nr4J/8qZ3t2zARqG', '朱小明', 'member', 'Q002', '第一党支部', '2023-07-01', '2023-07-01 00:00:00', '13800138043', 'user_qq@example.com', NULL, '2026-03-31 19:18:41', '2026-03-31 19:24:11', 10.00);
INSERT INTO `users` VALUES ('44', 'member44', '$2a$10$.PNdBOJHj9VahAVjubxnTen7RXGGYMFwMob./nr4J/8qZ3t2zARqG', '胡小明', 'member', 'R002', '第一党支部', '2023-08-01', '2023-08-01 00:00:00', '13800138044', 'user_rr@example.com', NULL, '2026-03-31 19:18:41', '2026-03-31 19:24:11', 10.00);
INSERT INTO `users` VALUES ('45', 'member45', '$2a$10$.PNdBOJHj9VahAVjubxnTen7RXGGYMFwMob./nr4J/8qZ3t2zARqG', '郭小明', 'member', 'S002', '第一党支部', '2023-09-01', '2023-09-01 00:00:00', '13800138045', 'user_ss@example.com', NULL, '2026-03-31 19:18:41', '2026-03-31 19:24:11', 10.00);
INSERT INTO `users` VALUES ('46', 'member46', '$2a$10$.PNdBOJHj9VahAVjubxnTen7RXGGYMFwMob./nr4J/8qZ3t2zARqG', '何小明', 'member', 'T002', '第一党支部', '2023-10-01', '2023-10-01 00:00:00', '13800138046', 'user_tt@example.com', NULL, '2026-03-31 19:18:41', '2026-03-31 19:24:11', 10.00);
INSERT INTO `users` VALUES ('47', 'member47', '$2a$10$.PNdBOJHj9VahAVjubxnTen7RXGGYMFwMob./nr4J/8qZ3t2zARqG', '高小明', 'member', 'U002', '第一党支部', '2023-11-01', '2023-11-01 00:00:00', '13800138047', 'user_uu@example.com', NULL, '2026-03-31 19:18:41', '2026-03-31 19:24:11', 10.00);
INSERT INTO `users` VALUES ('48', 'member48', '$2a$10$.PNdBOJHj9VahAVjubxnTen7RXGGYMFwMob./nr4J/8qZ3t2zARqG', '罗小明', 'member', 'V002', '第一党支部', '2023-12-01', '2023-12-01 00:00:00', '13800138048', 'user_vv@example.com', NULL, '2026-03-31 19:18:41', '2026-03-31 19:24:11', 10.00);
INSERT INTO `users` VALUES ('49', 'member49', '$2a$10$.PNdBOJHj9VahAVjubxnTen7RXGGYMFwMob./nr4J/8qZ3t2zARqG', '梁小明', 'member', 'W002', '第一党支部', '2024-01-01', '2024-01-01 00:00:00', '13800138049', 'user_ww@example.com', NULL, '2026-03-31 19:18:41', '2026-03-31 19:24:11', 10.00);
INSERT INTO `users` VALUES ('5', 'member2', '$2a$10$.PNdBOJHj9VahAVjubxnTen7RXGGYMFwMob./nr4J/8qZ3t2zARqG', '李四', 'member', 'P005', '第一党支部', '2020-05-01', '2020-05-01 00:00:00', '13800138007', 'member2@example.com', '', '2026-03-18 20:04:03', '2026-03-25 21:36:02', 0.60);
INSERT INTO `users` VALUES ('50', 'member50', '$2a$10$.PNdBOJHj9VahAVjubxnTen7RXGGYMFwMob./nr4J/8qZ3t2zARqG', '谢小明', 'member', 'X002', '第一党支部', '2024-02-01', '2024-02-01 00:00:00', '13800138050', 'user_xx@example.com', NULL, '2026-03-31 19:18:41', '2026-03-31 19:24:11', 10.00);
INSERT INTO `users` VALUES ('6', 'member3', '$2a$10$.PNdBOJHj9VahAVjubxnTen7RXGGYMFwMob./nr4J/8qZ3t2zARqG', '王五', 'member', 'P006', '第二党支部', '2020-06-01', '2020-06-01 00:00:00', '13800138006', 'member3@example.com', '', '2026-03-18 20:04:03', '2026-03-23 14:00:26', 0.60);
INSERT INTO `users` VALUES ('7', 'member4', '$2a$10$.PNdBOJHj9VahAVjubxnTen7RXGGYMFwMob./nr4J/8qZ3t2zARqG', '赵六', 'member', 'P007', '第二党支部', '2020-07-01', '2020-07-01 00:00:00', '13800138007', 'member4@example.com', '', '2026-03-18 20:04:03', '2026-03-23 14:00:28', 0.60);
INSERT INTO `users` VALUES ('8', 'member5', '$2a$10$1/S8nQ0CBiM5x3.RqHLF..ggsnrFc4TI63ynH1EWHlfU7Foss6s.K', '钱七', 'member', 'P008', '第一党支部', '2020-08-01', '2020-08-01 00:00:00', '13800138008', 'member5@example.com', 'https://ts1.tc.mm.bing.net/th/id/OIP-C.gDtT0kmCsTfTeQ2wv-JTiQAAAA?w=193&h=193&c=8&rs=1&qlt=90&o=6&dpr=1.5&pid=3.1&rm=2', '2026-03-18 20:04:03', '2026-03-25 18:58:39', 0.60);
INSERT INTO `users` VALUES ('9', 'member9', '$2a$10$.PNdBOJHj9VahAVjubxnTen7RXGGYMFwMob./nr4J/8qZ3t2zARqG', '郑小龙', 'member', 'I001', '第一党支部', '2020-09-01', '2020-09-01 00:00:00', '13800138009', 'user_i@example.com', NULL, '2026-03-31 19:18:41', '2026-03-31 19:24:11', 10.00);

SET FOREIGN_KEY_CHECKS = 1;
